Cluster;RA_ICRS;DE_ICRS;GLON;GLAT;r50;nbstars07;pmRA*;e_pmRA*;pmDE;e_pmDE;plx;e_plx;Flag;AgeNN;AVNN;DMNN;DistPc;X;Y;Z;Rgc;SimbadName;_RA.icrs;_DE.icrs
267.68115433572;-12.97269390122;4149769986666793088; 1.43525340731723077e+01; 7.164050445236208375e+00; 1.39727171100281344e+00; 0.071070423833662327;-1.736055783435830779e+00; 0.132223670919932007;-4.267172094389175108e+00; 0.107197883653593562;                        ;                     ;  0.34313154000; -0.03119679000; -0.36534083000; -0.36387277000; -0.22702745000; -0.30571175000; -0.54195195000;-2.379603500e-01; 1.502081600e-01; 3.399391800e-01; 130;16.3441560; 1.622675900e+00; 0.80000;Alessi_31        ; 5133.86100000;Simbad;267.68116200617;-12.97267552867
267.94064552212;-12.68566467054;4149784452116727552; 1.47305150575257269e+01; 7.088350371239471315e+00; 1.48366770785352631e+00; 0.068358770617142448;-1.028531144906273287e+00; 0.132705996134437426;-4.001832707475957207e+00; 0.117052457652418729;                        ;                     ;  0.32993612000;  0.08070473400; -0.40627775000; -0.26133838000; -0.32200420000; -0.21071742000; -0.49806508000;-2.077581400e-01; 2.405805000e-01; 4.205586300e-01; 136;16.2820100; 1.900301000e+00; 1.00000;Alessi_31        ; 5213.62260000;Simbad;267.94065006132;-12.68564744043
267.00512537100;-13.00645577487;4149945564918342656; 1.39895554987779924e+01; 7.716790763190660485e+00; 1.27526317298240932e+00; 0.034511246391101924;-1.956302700422318797e+00; 0.075139922522615768;-3.958251306263603553e+00; 0.063674505137603393;                        ;                     ;  0.52696884000;  0.07642755000; -0.49346107000; -0.45116950000; -0.14126436000; -0.42192087000; -0.59265760000;-2.030234500e-01; 8.921293000e-02; 5.192736000e-01; 144;14.8244260; 1.107262600e+00; 0.90000;Alessi_31        ; 5688.54600000;Simbad;267.00513401575;-13.00643873239
267.04558664767;-12.88983993970;4149951126864662272; 1.41112746594861154e+01; 7.741419901479407173e+00; 1.54008903220532267e+00; 0.023511437637369549;-1.158715940074823258e+00; 0.049396120240575069;-4.187107961951290314e+00; 0.043487948786332171;                        ;                     ;  0.24376150000; -0.06111871000; -0.37103167000; -0.16560392000; -0.25587043000; -0.13807720000; -0.45255160000;-7.351635400e-02; 1.787355100e-01; 2.950841000e-01; 143;13.1052900; 9.525804500e-01; 1.00000;Alessi_31        ; 6960.11130000;Simbad;267.04559176555;-12.88982191187
267.52656298115;-12.91371339098;4149961778394318976; 1.43279276929205572e+01; 7.323995333901395455e+00; 1.66019741140112687e+00; 0.185124376838044030;-1.202209297367555552e+00; 0.208255785137756194;-4.048517437547791253e+00; 0.168869191891285214;                        ;                     ;  0.44050840000; -0.49219680000;  0.13876225000; -0.41766220000; -0.71364930000; -0.01723496200; -0.35532978000;-2.859718000e-01; 3.165801500e-01; 5.644170600e-02; 141;17.4948460; 2.053497300e+00; 0.70000;Alessi_31        ; 3908.46200000;Simbad;267.52656829165;-12.91369595987
267.39324749623;-12.66834335595;4149980921091037824; 1.44763412990706613e+01; 7.559476131221478212e+00; 1.54444669541812352e+00; 0.124951286421471644;-1.118109977457114823e+00; 0.239434292902678147;-3.903372456135434376e+00; 0.214269144923867533;                        ;                     ;  0.33592090000; -0.05176563600; -0.30613205000; -0.32137075000; -0.23258752000; -0.28248414000; -0.41687348000;-1.532772300e-01; 2.207762300e-01; 4.448499700e-01; 122;17.4917850; 1.985025400e+00; 1.00000;Alessi_31        ; 4882.08060000;Simbad;267.39325243044;-12.66832654977
267.21979746553;-12.63572231592;4149984906820936832; 1.44191578033819567e+01; 7.722244720030418286e+00; 1.50789705187953782e+00; 0.047263723171723372;-1.058144012974762571e+00; 0.072827137915511223;-4.296124152982567779e+00; 0.060422779957724257;                        ;                     ;  0.36420116000; -0.12320001000; -0.27651483000; -0.42449760000; -0.53865660000; -0.24312850000; -0.42575836000;-1.771207600e-01; 1.413566300e-01; 2.349155500e-01; 147;15.0505990; 1.437950100e+00; 1.00000;Alessi_31        ; 5733.65530000;Simbad;267.21980213451;-12.63570381872
267.60179453883;-12.48704213682;4149991332091758464; 1.47374353658552266e+01; 7.474059325337467641e+00; 1.56508983690374448e+00; 0.083054784651093366;-1.047091077139281401e+00; 0.125848592813135596;-3.895025899670314651e+00; 0.111162695973237191;                        ;                     ;  0.06642698000;  0.16268560000; -0.19204554000; -0.23510793000; -0.49681110000; -0.19771577000; -0.37939847000;-1.726369600e-01; 3.218290500e-01; 3.387788000e-01; 131;16.2403320; 1.682927100e+00; 1.00000;Alessi_31        ; 5410.00000000;Simbad;267.60179915637;-12.48702536657
267.50011572993;-12.41473906529;4149995691451535872; 1.47504868356710581e+01; 7.596199887807610907e+00; 1.51576986320987683e+00; 0.129003794695893931;-9.100409958759081430e-01; 0.225474213388166755;-3.796909063670794726e+00; 0.196533316067275643;                        ;                     ;  0.35785002000; -0.02873678000; -0.37260428000; -0.42887357000; -0.27903423000; -0.30917820000; -0.46285194000;-3.139963400e-01; 2.129829500e-01; 4.203274000e-01; 150;17.2075630; 1.981334700e+00; 0.70000;Alessi_31        ; 4800.91850000;Simbad;267.50011974197;-12.41472271749
267.02577854853;-12.72483233417;4150005934982432512; 1.42454019515731964e+01; 7.841124881702329574e+00; 1.60218129680090304e+00; 0.046739265070749540;-1.568936973448766592e+00; 0.075892895412432160;-4.006463752826670444e+00; 0.062059951949612335;                        ;                     ;  0.20680477000; -0.36044303000; -0.22668605000; -0.15432596000; -0.43210006000; -0.07917289000; -0.40546522000;-6.362741000e-02; 9.289986000e-02;-8.282125000e-02; 139;15.1802760; 1.477497100e+00; 1.00000;Alessi_31        ; 5195.45650000;Simbad;267.02578547377;-12.72481508412
266.99961486701;-12.66000185336;4150007618609662208; 1.42890075420816256e+01; 7.895793623477922907e+00; 1.46920064284039897e+00; 0.078745213680754794;-8.996971707182516154e-01; 0.137354992746009652;-4.184911037512975440e+00; 0.119428342716934616;                        ;                     ;  0.24490035000; -0.21172424000; -0.26395330000; -0.20139317000; -0.45513687000; -0.12570815000; -0.35194780000;-7.304663000e-02; 9.256740000e-02; 5.468563000e-02; 129;16.4090270; 1.705588300e+00; 0.80000;Alessi_31        ; 5214.86770000;Simbad;266.99961883723;-12.65998383500
267.11306463083;-12.66854731900;4150007893487504768; 1.43377239843987923e+01; 7.795812792299075866e+00; 1.32026298200962455e+00; 0.106741380408993447;-1.489458507390405417e+00; 0.238191291368273272;-3.935221943649205745e+00; 0.211033407917456700;                        ;                     ;  0.30884394000; -0.12185764000; -0.02930007500; -0.15334350000; -0.43604690000; -0.22814754000; -0.02756338400; 2.345203500e-01;-6.585989000e-03; 3.033101600e-01; 102;16.9414350; 1.907519300e+00; 0.70000;Alessi_31        ; 4738.45000000;Simbad;267.11307120380;-12.66853037569
267.12572698979;-12.65425002737;4150008305804367488; 1.43564661678546734e+01; 7.792314868039203368e+00; 1.55271503070878714e+00; 0.063313010768796654;-1.311841721660644833e+00; 0.111671317629575689;-3.829696848961807731e+00; 0.095187775668006264;                        ;                     ;  0.30753246000; -0.12202836600; -0.15501146000; -0.40114847000; -0.52228266000; -0.36662477000; -0.18713404000; 6.070774000e-02;-4.638096300e-02; 1.176510450e-01; 131;15.9578830; 1.653523400e+00; 1.00000;Alessi_31        ; 5367.08450000;Simbad;267.12573277861;-12.65423353840
267.31674563029;-12.44464732210;4150035892347595008; 1.46338765741934935e+01; 7.736218989210065899e+00; 1.61622847169100603e+00; 0.164818389264262927;-1.178235797947548180e+00; 0.187681991654145397;-3.296599472130106179e+00; 0.170700687793085532;                        ;                     ;  0.28872854000; -0.31082560000; -0.01443127800; -0.36983013000; -0.62431050000;  0.09412092000; -0.40615806000;-4.453900500e-01; 4.516949400e-01; 1.366869000e-01; 139;17.2208370; 2.048675500e+00; 0.70000;Alessi_31        ; 4331.83800000;Simbad;267.31675082531;-12.44463312841
267.47385218560;-12.34197972550;4150043696335734912; 1.48010933071904862e+01; 7.654817968559786578e+00; 1.45756567016614014e+00; 0.115329405493340018;-8.282409062157274349e-01; 0.160461022186358382;-3.962076014443865812e+00; 0.129974461548490849;                        ;                     ;  0.31798196000; -0.04283807000; -0.33988723000; -0.32308292000; -0.56010073000; -0.01949821200; -0.59952510000;-4.252072600e-01; 3.608182700e-01; 2.081420700e-01; 122;16.5731700; 1.773392700e+00; 1.00000;Alessi_31        ; 4926.10550000;Simbad;267.47385583600;-12.34196266657
267.29518488825;-12.38699276494;4150045100757786368; 1.46735759065923634e+01; 7.783337128015363149e+00; 1.41013021905900771e+00; 0.194035432060707058;-1.441627374246079230e+00; 0.244368429613650878;-4.062731577233408942e+00; 0.220647019690374813;                        ;                     ;  0.20437637000; -0.19524775000; -0.14230303000; -0.32235430000; -0.56310500000;  0.04025072000; -0.41017616000;-4.155406400e-01; 4.151314000e-01; 1.760147800e-01; 123;17.6173670; 2.041021300e+00; 0.90000;Alessi_31        ; 5296.09230000;Simbad;267.29519124319;-12.38697527263
267.34315970872;-12.22972197424;4150049193894177792; 1.48346610380366819e+01; 7.821558977933105616e+00; 1.29381859027159751e+00; 0.044691548592213193;-2.058167699532941874e+00; 0.062638569973914177;-3.850282381305336621e+00; 0.051753904638721697;                        ;                     ;  0.18872869000; -0.13573667000; -0.04993209000; -0.27109134000; -0.59343475000; -0.11235870000; -0.37020534000;-1.676948200e-01; 2.820822300e-01; 1.504483200e-01; 148;14.5662510; 1.387553200e+00; 0.90000;Alessi_31        ;              ;Simbad;267.34316877605;-12.22970539663
267.07121588983;-12.35728453728;4150052041425080832; 1.45887255063281991e+01; 7.987488532190457846e+00; 1.37798904034657110e+00; 0.134650668881750146;-1.701405136056515000e+00; 0.254473008359010044;-4.054317994220638433e+00; 0.252328947600358289;                        ;                     ;  0.39148790000; -0.15647669000; -0.16852759000; -0.30386156000; -0.27084774000; -0.21273643000; -0.22975180000;-9.584330000e-02; 3.279318200e-01; 5.808270000e-01; 113;17.4261000; 1.807819400e+00; 0.70000;Alessi_31        ; 4843.20000000;Simbad;267.07122338907;-12.35726708118
267.08920585989;-12.32492731186;4150052934774758016; 1.46258930811353984e+01; 7.988534354115380154e+00; 1.58372809816173321e+00; 0.049851141412997325;-1.331507846214611268e+00; 0.098120576307494406;-4.234696137907970837e+00; 0.079334198067486317;                        ;                     ;  0.31901845000;  0.12291323000; -0.52975726000; -0.32472008000; -0.17034164000; -0.26931265000; -0.63030380000;-3.246905500e-01; 9.982815000e-02; 3.149967800e-01; 123;12.5743930; 9.504442000e-01; 1.00000;Alessi_31        ; 7615.08840000;Simbad;267.08921172802;-12.32490907914
267.20910459094;-12.08396564369;4150065785317979520; 1.48957582657067125e+01; 8.007990263834795286e+00; 1.51921872831312021e+00; 0.078250619324848392;-1.237901615588564486e+00; 0.139527765888834115;-3.927129059913835096e+00; 0.112692799486383957;                        ;                     ;  0.40229282000;  0.03275384000; -0.38746000000; -0.42130968000; -0.26081985000; -0.34178662000; -0.55147860000;-3.046707800e-01; 1.856035300e-01; 4.279264500e-01; 146;16.4815700; 1.796032900e+00; 1.00000;Alessi_31        ; 5435.11230000;Simbad;267.20911004157;-12.08394873522
267.23665983432;-12.07165786004;4150065927087059456; 1.49201460657755369e+01; 7.990835561755214478e+00; 1.46008821644173503e+00; 0.036499219205821429;-1.175829856318834299e+00; 0.068967587674906197;-4.243708845215855341e+00; 0.057144978280818860;                        ;                     ;  0.39668372000;  0.12781732000; -0.47340548000; -0.42046100000; -0.21935214000; -0.35618493000; -0.55764730000;-3.040899300e-01; 1.251573300e-01; 4.458143400e-01; 139;12.9938345; 1.112449600e+00; 1.00000;Alessi_31        ; 7622.76760000;Simbad;267.23666501140;-12.07163958852
268.13678643953;-12.77902340883;4151269067683118848; 1.47450986259054453e+01; 6.875961972278639145e+00; 1.31497992762638849e+00; 0.210498750790201833;-6.152515824163020675e-01; 0.346078436680516910;-3.923700828190868517e+00; 0.313156156965443855;                        ;                     ;  0.29334024000; -0.31753027000; -0.05368329200; -0.20075080000; -0.37388867000; -0.05364340500; -0.28007197000;-1.747366500e-01; 3.106932600e-01; 3.422813700e-01; 142;17.7674400; 2.348901700e+00; 0.70000;Alessi_31        ; 3916.34720000;Simbad;268.13678915581;-12.77900651512
267.94346396274;-12.63951104704;4151286625509557504; 1.47722050653731074e+01; 7.108995106805528152e+00; 1.53346381431253054e+00; 0.067896523732306674;-1.098784966962196963e+00; 0.128733084055070196;-4.047140344776572363e+00; 0.113913854884865981;                        ;                     ;  0.51335657000; -0.18363394000; -0.31047916000; -0.34666428000; -0.35461980000; -0.23038265000; -0.46138224000;-1.916405700e-01; 2.071274500e-01; 4.703687000e-01; 130;16.0859300; 2.026820200e+00; 1.00000;Alessi_31        ; 5107.42900000;Simbad;267.94346881112;-12.63949362185
267.79620892319;-12.47690313388;4151480483138838272; 1.48419334406804726e+01; 7.314700733201269678e+00; 1.50392466735533525e+00; 0.039304693869771534;-1.126003918153508421e+00; 0.061237689601693811;-3.884879917661959059e+00; 0.051605611090029757;                        ;                     ;  0.32930887000; -0.29299474000; -0.18607871000; -0.20600528000; -0.51641350000; -0.00349319050; -0.46128798000;-2.188186500e-01; 2.595911600e-01; 1.336131500e-01; 151;12.9741090; 1.228032100e+00; 1.00000;Alessi_31        ; 7790.23830000;Simbad;267.79621388852;-12.47688640731
267.96311979981;-12.33156459717;4151488901275059200; 1.50508952253667623e+01; 7.245902368162287388e+00; 1.43023781469679889e+00; 0.046979931609013044;-1.034464685690737129e+00; 0.079859852978158369;-3.997967496305281809e+00; 0.064118771578525094;                        ;                     ;  0.21404034000; -0.25974196000; -0.11109812000; -0.17540279000; -0.48358107000; -0.08812261400; -0.35120120000;-6.051112000e-02; 1.599049900e-01; 1.863921600e-02; 136;15.2964170; 1.931830400e+00; 1.00000;Alessi_31        ; 5863.49800000;Simbad;267.96312435894;-12.33154738370
267.80432092229;-12.35881423739;4151494639351108992; 1.49490930927797958e+01; 7.366777825119589451e+00; 1.52599097460256750e+00; 0.024603335186824542;-1.102785521293052184e+00; 0.048906866580526856;-4.152259976072105729e+00; 0.040900960989606480;                        ;                     ;  0.03168410800; -0.08508824600; -0.38225958000;  0.01860961900; -0.35130520000;  0.07241425000; -0.52548560000;-9.870688000e-02; 1.912702600e-01;-3.221287200e-02; 167;13.3820630; 1.267520900e+00; 1.00000;Alessi_31        ; 7819.49170000;Simbad;267.80432578304;-12.35879635960
267.71410965853;-12.18222530451;4151500789744767872; 1.50590564419854829e+01; 7.531293608982478460e+00; 1.43839212713994780e+00; 0.026527348863590396;-9.647003872429389393e-01; 0.052464379292389993;-4.038337513683416091e+00; 0.044281593064997030;                        ;                     ;  0.32420316000;  0.01372591100; -0.43070084000; -0.36114097000; -0.27813590000; -0.28849548000; -0.52440930000;-1.690187500e-01; 3.760876500e-02; 2.094532700e-01; 149;13.7562490; 1.259467100e+00; 1.00000;Alessi_31        ; 7322.76400000;Simbad;267.71411390779;-12.18220791722
267.94669642507;-12.14752249602;4151505015992815744; 1.52037151041300707e+01; 7.351505950759891661e+00; 1.43819567782223046e+00; 0.051726212066598332;-1.081150883464797818e+00; 0.114822512220358816;-3.963294678536226190e+00; 0.081294327411530559;                        ;                     ;  0.02076214600;  0.07480967000;  0.06356486000; -0.41430116000; -0.38432280000; -0.45039445000; -0.17990337000; 1.639278700e-01;-5.635326400e-02;-8.827067000e-02; 122;15.6185430; 1.675952000e+00; 1.00000;Alessi_31        ; 5963.92000000;Simbad;267.94670118664;-12.14750543183
267.80278998112;-12.19150812362;4151505737547031808; 1.50945611822716987e+01; 7.451539265550914948e+00; 1.51002052181399082e+00; 0.049632885997838681;-1.248187719860911926e+00; 0.096309186739860567;-4.046168031726510961e+00; 0.078788506024123087;                        ;                     ;  0.34198300000;  0.02949367500; -0.41083760000; -0.37775996000; -0.21266373000; -0.32351583000; -0.54675823000;-2.125052700e-01; 6.970827000e-02; 3.072574400e-01; 132;10.8916730; 9.361219400e-01; 1.00000;Alessi_31        ;10970.97200000;Simbad;267.80279547926;-12.19149070261
267.84662590924;-12.14148936132;4151506287302852480; 1.51598351056969545e+01; 7.439333851051898705e+00; 1.53689364592042299e+00; 0.041113447331843612;-1.186637170195109725e+00; 0.080665178116925668;-4.276891921121133144e+00; 0.060795757572355828;                        ;                     ;  0.07347090500;  0.08270588000;  0.00245025380; -0.42421412000; -0.39462373000; -0.44142723000; -0.24254560000; 6.426018500e-02; 2.570624000e-02; 9.547727000e-02; 140;14.9999180; 1.525169400e+00; 1.00000;Alessi_31        ; 5625.22660000;Simbad;267.84663113527;-12.14147094692
268.32764643062;-12.11530519943;4151513983885108608; 1.54185585340874383e+01; 7.044392689894361403e+00; 1.33166774121609666e+00; 0.079550582067917763;-1.030320983953141978e+00; 0.114852845583297503;-3.903377544703559021e+00; 0.103218841292321367;                        ;                     ;  0.26119580000; -0.34819898000; -0.04891277500; -0.24165681000; -0.43763510000; -0.01355057000; -0.36115600000;-2.800422300e-01; 3.428487000e-01; 1.926395400e-01; 121;15.9186720; 2.025652000e+00; 0.70000;Alessi_31        ; 5463.87600000;Simbad;268.32765096777;-12.11528839323
268.04391502921;-12.13846326397;4151527551660997120; 1.52593421559891524e+01; 7.273588812346438282e+00; 1.52436931590182168e+00; 0.042400420283337396;-1.383114443802381466e+00; 0.076803986551750025;-4.006312296780765614e+00; 0.063120412538624091;                        ;                     ;  0.16635291000; -0.01228241000; -0.12280300000; -0.23785076000; -0.42169073000; -0.21841803000; -0.34258384000;-1.188765800e-02; 1.504370400e-01; 1.602741500e-01; 157;12.3422210; 1.166905400e+00; 1.00000;Alessi_31        ; 7432.02930000;Simbad;268.04392112047;-12.13844601457
267.98612710132;-12.05836078870;4151531816589863808; 1.53010364564786023e+01; 7.362464819324878285e+00; 1.52560240155137961e+00; 0.113884940166746287;-1.610745969254547161e+00; 0.227177541881535577;-4.019533186732753727e+00; 0.179930338730839440;                        ;                     ;  0.30670120000; -0.05747313400; -0.18916586000; -0.40097955000; -0.28152360000; -0.37643152000; -0.40563680000;-5.372922000e-02; 7.161394500e-02; 2.469954600e-01; 144;17.3938670; 2.391605400e+00; 0.90000;Alessi_31        ;              ;Simbad;267.98613419295;-12.05834348238
268.15379879672;-11.90890260072;4151540818841083776; 1.55140073203488527e+01; 7.294487450866539824e+00; 1.63981799701980946e+00; 0.120757676274552847;-9.581116187137653784e-01; 0.173473859255882351;-3.871677029159509509e+00; 0.141745635590942720;                        ;                     ;  0.38012630000; -0.29635668000; -0.06851727500; -0.39540347000; -0.49293807000; -0.14403561000; -0.44268780000;-3.141704000e-01; 3.143129000e-01; 2.627186000e-01; 146;16.9342560; 2.164745300e+00; 0.90000;Alessi_31        ; 4091.23630000;Simbad;268.15380301266;-11.90888593100
267.37248238870;-12.17012790116;4151550645727107456; 1.49012173024655112e+01; 7.826581971121405523e+00; 1.48363025595557962e+00; 0.052089962623245646;-9.760396425665549547e-01; 0.059505581292675698;-4.110585928569078007e+00; 0.049888230011343349;                        ;                     ;  0.59524000000; -0.44754857000; -0.10561733000; -0.45625708000; -0.71569866000;  0.06257925000; -0.57401717000;-3.923965000e-01; 3.897497000e-01; 2.011622300e-01; 140;13.4063030; 1.187068900e+00; 1.00000;Alessi_31        ; 7275.55800000;Simbad;267.37248668771;-12.17011020280
267.45682711813;-12.17137568376;4151550851885497600; 1.49417621232935272e+01; 7.754570080654324293e+00; 1.42905262227975904e+00; 0.040927181500394538;-1.294895970750014724e+00; 0.061649649084655693;-4.155856141870996723e+00; 0.052067746698889028;                        ;                     ;  0.22556964000; -0.36654344000; -0.14898556000; -0.25294970000; -0.40439860000; -0.06518145000; -0.43602090000;-2.528802800e-01; 2.570827600e-01; 8.150621000e-02; 160;14.7868700; 1.521278400e+00; 1.00000;Alessi_31        ; 6148.93360000;Simbad;267.45683282158;-12.17135779050
267.49564170430;-12.06590661060;4151553016549052800; 1.50530972534675662e+01; 7.774435504345463599e+00; 1.54269098993716880e+00; 0.079360009517908101;-9.283528710432669140e-01; 0.142074677292359286;-4.152443293637164246e+00; 0.122514674029396767;                        ;                     ;  0.42546436000; -0.21245283000; -0.27905390000; -0.32376674000; -0.33477790000; -0.21065216000; -0.50514670000;-1.802455800e-01; 1.932363700e-01; 3.009285600e-01; 141;16.6695460; 1.859704000e+00; 1.00000;Alessi_31        ; 4926.05860000;Simbad;267.49564579167;-12.06588873202
267.56068696648;-12.06053427556;4151553291427282560; 1.50898691158311369e+01; 7.722020211828891867e+00; 1.36386205970381558e+00; 0.037892593039270117;-1.049252185913818192e+00; 0.074752848893800988;-4.297666485207868980e+00; 0.062151461602010051;                        ;                     ;  0.06155218600; -0.21803062000; -0.44885808000;  0.07708815500; -0.43483080000;  0.11199176000; -0.51582770000;-1.727561300e-02; 3.578989600e-02;-3.019668500e-01; 147;12.9302460; 1.082643500e+00; 0.90000;Alessi_31        ; 7746.10640000;Simbad;267.56069158606;-12.06051577172
267.75480940459;-12.08966497256;4151554558419600640; 1.51599978543643541e+01; 7.542990232261543859e+00; 1.48446524861962392e+00; 0.039772546492666719;-1.578389553429108139e+00; 0.080052995065220622;-4.478482620583362994e+00; 0.068539867354867043;                        ;                     ;  0.32672190000;  0.03515144400; -0.46000390000; -0.35371820000; -0.26648330000; -0.27899500000; -0.53371346000;-1.807736800e-01; 2.283101000e-02; 2.042249300e-01; 140;11.4185590; 8.446226000e-01; 1.00000;Alessi_31        ; 9176.66700000;Simbad;267.75481635457;-12.08964569021
267.76866258527;-12.05583108713;4151556138967564160; 1.51963951562846304e+01; 7.548121236406698742e+00; 1.47299199086592414e+00; 0.046351183151140021;-1.073798080126993071e+00; 0.088894230284390502;-3.972222458646521126e+00; 0.073236730787768378;                        ;                     ;  0.13796163000;  0.13234873000; -0.15329249000; -0.52224110000; -0.38601625000; -0.46063300000; -0.25341338000;-4.902114000e-02;-7.632793000e-02; 6.026882700e-02; 140;11.6918480; 8.783912700e-01; 1.00000;Alessi_31        ;10568.19300000;Simbad;267.76866731283;-12.05581398450
267.76879547513;-12.05529324372;4151556143271112832; 1.51969308077748728e+01; 7.548276778529642961e+00; 1.53073355323066207e+00; 0.109732067264306038;-1.663391380461662683e+00; 0.236566381272381693;-3.739987645168055597e+00; 0.200049488905180345;                        ;                     ;  0.08457377600;  0.03629208700; -0.11063657000; -0.43467520000; -0.32401007000; -0.42103806000; -0.18089879000; 4.346369200e-02;-8.161639400e-02;-6.728728000e-02; 131;14.7401720;                ; 0.90000;Alessi_31        ; 6879.75600000;Simbad;267.76880279845;-12.05527714100
267.79207945524;-11.96212725515;4151557929992265088; 1.52898561963645836e+01; 7.574978453109634913e+00; 1.47236794506720825e+00; 0.061796878121777997;-2.034457726011200229e+00; 0.104985637223533115;-3.821989659750844925e+00; 0.087726695578755634;                        ;                     ;  0.43890038000; -0.22961827000; -0.26802800000; -0.48515248000; -0.37077108000; -0.37327040000; -0.46244407000;-1.633898300e-01; 8.911782500e-02; 2.562120600e-01; 130;15.8955900; 1.857890100e+00; 0.90000;Alessi_31        ; 5350.43000000;Simbad;267.79208840915;-11.96211079937
267.61214995135;-12.06914681509;4151558273589310720; 1.51077019374430179e+01; 7.674118183288651807e+00; 1.39242766263670159e+00; 0.107403106314247515;-1.045264225761819432e+00; 0.181665502188129019;-4.141576165277490063e+00; 0.160317504521344134;                        ;                     ;  0.36451650000; -0.22084679000; -0.23304969000; -0.28615597000; -0.46968213000; -0.17965405000; -0.37266138000;-1.013905400e-01; 1.223128800e-01; 1.918167800e-01; 140;16.9414420; 2.095777500e+00; 0.90000;Alessi_31        ; 4542.76400000;Simbad;267.61215455352;-12.06912898330
267.60660144972;-12.06204426142;4151558307949057408; 1.51111775937317443e+01; 7.682365755126943974e+00; 1.51856482938564330e+00; 0.049615020371426656;-1.312399300234338595e+00; 0.087116362951028883;-4.142274816757501199e+00; 0.073118162390389541;                        ;                     ;  0.40874785000; -0.13057467000; -0.42343100000; -0.38097596000; -0.42640755000; -0.23733999000; -0.52879190000;-1.942330600e-01; 9.571762000e-02; 2.093449800e-01; 149;11.0802650; 7.778253600e-01; 1.00000;Alessi_31        ;11077.07700000;Simbad;267.60660722790;-12.06202642662
267.65669953614;-12.04478857842;4151558617186684416; 1.51509426358572927e+01; 7.648527809788721044e+00; 1.42706765462338381e+00; 0.084933970396448802;-9.740319031448070319e-01; 0.142493102342618860;-3.765147536038735421e+00; 0.120642966088043882;                        ;                     ;  0.37178296000; -0.24258855000; -0.23927622000; -0.31527130000; -0.46227450000; -0.20674115000; -0.41963297000;-9.246811000e-02; 1.113239400e-01; 1.343050200e-01; 150;16.7932130; 1.893035900e+00; 1.00000;Alessi_31        ;              ;Simbad;267.65670382429;-12.04477236737
267.57466265068;-12.00813618519;4151559579259428096; 1.51425695477622124e+01; 7.736348129055418354e+00; 1.58433466362925768e+00; 0.089440038073978531;-1.048083647841021593e+00; 0.155275787248631919;-4.159887243720644001e+00; 0.126736503090684516;                        ;                     ;  0.28073510000; -0.17894961000; -0.12090622000; -0.17683399000; -0.49557588000; -0.11130123600; -0.35012830000;-3.143291500e-02; 1.726697000e-01; 1.727452400e-01; 148;16.8753190; 1.871287300e+00; 1.00000;Alessi_31        ; 4874.76800000;Simbad;267.57466726421;-12.00811827456
267.71870797912;-12.01171390066;4151560193416690304; 1.52103916138018089e+01; 7.612470484789343850e+00; 1.44088145714602689e+00; 0.054563153003690960;-1.128595349638031875e+00; 0.086215471461273188;-4.079228382586980395e+00; 0.070687476293106122;                        ;                     ;  0.17107148000; -0.06650271000; -0.09037556000; -0.36853970000; -0.58664954000; -0.30353394000; -0.22676866000; 3.626063000e-02; 7.570880600e-05;-5.524172300e-02; 144;11.5209250; 8.761234000e-01; 1.00000;Alessi_31        ;11290.96600000;Simbad;267.71871294712;-12.01169633732
267.73513054423;-12.00296552954;4151560335173585280; 1.52261240516035539e+01; 7.602910638811440691e+00; 1.46853540473973565e+00; 0.058589729804402149;-1.490857627980307409e+00; 0.086154132818204693;-3.936477706183184821e+00; 0.069388494795667291;                        ;                     ;  0.06197465600; -0.15238008000;  0.06864915000; -0.30443853000; -0.62892580000; -0.25006950000; -0.15190661000; 3.660026200e-02; 5.923989400e-02;-1.718100000e-01; 141;10.3548340; 9.662704500e-01; 0.90000;Alessi_31        ; 8291.38900000;Simbad;267.73513710668;-12.00294858082
267.73917918514;-11.96643495653;4151560816210306176; 1.52600626778153927e+01; 7.617693703574599517e+00; 1.47380800058644934e+00; 0.049728952439838249;-1.146808215035112877e+00; 0.086956665334395569;-4.135961409650610321e+00; 0.069505604403036297;                        ;                     ;  0.26268214000; -0.09213044000; -0.06585287000; -0.38474935000; -0.52343470000; -0.35795440000; -0.23328148000; 1.002670100e-01;-2.574821600e-02; 2.084112200e-02; 134;11.6677430; 9.460077000e-01; 1.00000;Alessi_31        ; 8815.13700000;Simbad;267.73918423247;-11.96641714892
267.73072359591;-11.95319644518;4151561091088221952; 1.52674791389763325e+01; 7.631465026324180556e+00; 1.29616928347991878e+00; 0.074967378064515769;-9.226446041319658065e-01; 0.136724648549736427;-3.882227310906126050e+00; 0.106849309412420518;                        ;                     ;  0.17045848000; -0.15477404000; -0.12397258000; -0.22000164000; -0.52757780000; -0.26501042000; -0.19702671000; 1.994292400e-01;-1.394895200e-01;-2.771756000e-01; 121;12.9742050; 1.229439700e+00; 0.90000;Alessi_31        ; 6921.47270000;Simbad;267.73072765646;-11.95317973004
267.75445621237;-11.93878597656;4151561159807695616; 1.52917615124958370e+01; 7.618522283774160186e+00; 1.48881026522648852e+00; 0.049601699414925406;-1.141234738743950761e+00; 0.078088389677389985;-4.253643484389118434e+00; 0.066432869407897249;                        ;                     ;  0.30183765000; -0.16729008000; -0.21988562000; -0.33523732000; -0.51772654000; -0.20384811000; -0.38761230000;-1.131210900e-01; 1.044710300e-01; 7.781311000e-02; 145;11.8766440; 1.110143700e+00; 1.00000;Alessi_31        ; 7521.50630000;Simbad;267.75446123466;-11.93876766227
267.71900738398;-11.92259226690;4151561950081695744; 1.52884785557312401e+01; 7.656661038582026180e+00; 1.43174023762756764e+00; 0.097824278576093632;-1.031313243927883150e+00; 0.168945026642289303;-4.181225141327403527e+00; 0.134663291621958364;                        ;                     ;  0.22939628000; -0.13699518000; -0.03609555200; -0.39852756000; -0.52158713000; -0.36898768000; -0.20897014000; 8.097979000e-02;-1.297531200e-02;-2.258148200e-02; 138;16.7249890; 2.183525000e+00; 0.90000;Alessi_31        ;              ;Simbad;267.71901192226;-11.92257426440
267.73075193491;-11.92031337742;4151561980118949248; 1.52962526217900763e+01; 7.647836216397987386e+00; 1.40174394015322457e+00; 0.071366106858458359;-1.166041990368592574e+00; 0.097450792596330868;-3.829997472804586689e+00; 0.082263757702905935;                        ;                     ;  0.49259797000; -0.44809756000; -0.17859963000; -0.30328462000; -0.62997730000; -0.14972728000; -0.38728327000;-6.258744000e-02; 1.163137400e-01; 3.144791700e-02; 134;15.7949230; 1.709981900e+00; 0.90000;Alessi_31        ; 5795.98540000;Simbad;267.73075706602;-11.92029688715
267.70163985728;-11.88628011823;4151562323716220672; 1.53116890003215786e+01; 7.689497722479445407e+00; 1.46153557085963737e+00; 0.048748503438311018;-1.119967606536639293e+00; 0.079072067393865339;-4.088563390226340744e+00; 0.065100324998991377;                        ;                     ;  0.23471208000; -0.13315406000; -0.10895920500; -0.24612617000; -0.52911430000; -0.16214824000; -0.33607830000;-5.347572300e-02; 1.486971400e-01; 1.064348740e-01; 147;11.7975390; 9.666443000e-01; 1.00000;Alessi_31        ; 7970.40870000;Simbad;267.70164478502;-11.88626251469
267.43230550950;-12.05006292949;4151564973738046080; 1.50356938519554557e+01; 7.835999644989025015e+00; 1.43150516874054157e+00; 0.068979827616736655;-7.971597850884498682e-01; 0.141536096143783402;-4.370484421816905218e+00; 0.118456769794956576;                        ;                     ;  0.28616118000; -0.09242730000; -0.38619610000; -0.20829308000; -0.27524415000; -0.15479710000; -0.50348860000;-1.275879000e-01; 1.620905500e-01; 2.713043700e-01; 157;16.5964070; 1.851503400e+00; 0.80000;Alessi_31        ; 5148.05000000;Simbad;267.43230901904;-12.05004411213
267.42725957178;-12.04679081998;4151564973738050944; 1.50360633822874306e+01; 7.841909363701006441e+00; 1.52159580983048581e+00; 0.029534933626829202;-1.131587586563664205e+00; 0.060646669148090415;-4.068790322579529217e+00; 0.053617720136197172;                        ;                     ;  0.32433563000; -0.02708947300; -0.36616590000; -0.24818057000; -0.27844150000; -0.20847651000; -0.45383868000;-1.210691300e-01; 1.921741700e-01; 3.900952600e-01; 160;14.3331830; 1.381260900e+00; 1.00000;Alessi_31        ; 6081.79440000;Simbad;267.42726455360;-12.04677330158
267.45663662458;-12.02139831411;4151565489134126080; 1.50727617854893357e+01; 7.829721840200266847e+00; 1.47891701558432054e+00; 0.028139267237636746;-1.118999776941780988e+00; 0.055117436390148898;-4.092218327558066804e+00; 0.045700874333736700;                        ;                     ;  0.28056258000; -0.01959986400; -0.38308796000; -0.27943915000; -0.27510613000; -0.21850212000; -0.51263595000;-1.977721600e-01; 1.748972100e-01; 2.873644500e-01; 155;13.9476180; 1.312573400e+00; 1.00000;Alessi_31        ; 6477.75500000;Simbad;267.45664155052;-12.02138069484
267.44168609629;-11.99384144816;4151566549971817984; 1.50894749079734307e+01; 7.856162298513540421e+00; 1.49885860042218377e+00; 0.034148345593048975;-1.193154655001056552e+00; 0.067960595343464103;-3.830041001128168698e+00; 0.056321644215389981;                        ;                     ;  0.24212585000; -0.07828707000; -0.36811537000; -0.23131440000; -0.25331202000; -0.18022533000; -0.49888910000;-1.548891400e-01; 1.625846500e-01; 2.379013400e-01; 149;14.7958340; 1.436498600e+00; 1.00000;Alessi_31        ; 5869.25000000;Simbad;267.44169134813;-11.99382495770
267.41917758729;-11.95284710328;4151569745427602432; 1.51142054982942717e+01; 7.895725495588936660e+00; 1.38359511472501762e+00; 0.136894715953873120;-1.583483205634269808e+00; 0.324446554184243396;-4.393925101073704376e+00; 0.316606781192718345;                        ;                     ;  0.37442700000; -0.04806208000; -0.31782576000; -0.14264838000; -0.25124928000; -0.13738345000; -0.35247543000;-1.059435100e-02; 2.560769000e-01; 5.582557000e-01; 133;17.8345400; 2.526622800e+00; 0.80000;Alessi_31        ; 3618.67480000;Simbad;267.41918455617;-11.95282818499
267.55714657508;-11.97990906375;4151571429051510016; 1.51586156106181065e+01; 7.765288423007367768e+00; 1.44791479921044863e+00; 0.076912347356246274;-1.059880496242630254e+00; 0.138736748081245781;-3.919830806441284121e+00; 0.111401130698936854;                        ;                     ;  0.26419200000; -0.16718051000; -0.16540438000; -0.26141610000; -0.43279794000; -0.18790324000; -0.37934843000;-7.194335000e-02; 1.557084000e-01; 1.574171500e-01; 128;16.4361000; 1.758215900e+00; 1.00000;Alessi_31        ; 5451.25700000;Simbad;267.55715124005;-11.97989218670
267.59799284321;-11.95510897843;4151571880045782016; 1.52004362624718397e+01; 7.743048893003399158e+00; 1.45821794241463110e+00; 0.032073667274527151;-1.082751878914906873e+00; 0.067604271705557717;-4.329762368027290975e+00; 0.056071712084834920;                        ;                     ;  0.33029726000; -0.06010926500; -0.06828879000; -0.12300387000; -0.36823088000; -0.14870605000; -0.30436304000; 6.818728000e-02; 2.410416300e-01; 4.333653200e-01; 114;13.5228050; 1.367095000e+00; 1.00000;Alessi_31        ; 8409.02300000;Simbad;267.59799760841;-11.95509033639
267.54221108360;-11.94668093474;4151572086204240384; 1.51803068377845705e+01; 7.794540865459310020e+00; 1.43410025951163167e+00; 0.084081836236192864;-1.373219648316185371e+00; 0.159012243993506885;-4.258188260144798676e+00; 0.130520628216647255;                        ;                     ;  0.35134270000; -0.14449380000; -0.23725432000; -0.27298580000; -0.40060169000; -0.21596892000; -0.40523200000;-4.075796000e-02; 1.177500700e-01; 2.436629000e-01; 136;16.7945900; 1.866658200e+00; 1.00000;Alessi_31        ; 4921.94970000;Simbad;267.54221712697;-11.94666260087
267.65578567109;-11.91683818746;4151573529313216000; 1.52623801750427983e+01; 7.713146799779038609e+00; 1.43149592778438572e+00; 0.052323541999963412;-1.040599251665464520e+00; 0.083688771312451116;-4.246186574800868030e+00; 0.065393213674290615;                        ;                     ;  0.17603870000;  0.00907749500; -0.05521159200; -0.34232405000; -0.60415790000; -0.30893037000; -0.25142142000; 8.566904000e-02; 3.371634300e-02; 6.569015000e-02; 143;12.8508520; 1.137013400e+00; 1.00000;Alessi_31        ; 7683.83200000;Simbad;267.65579025013;-11.91681990527
267.64665413703;-11.89478705630;4151573632392776576; 1.52771681642361514e+01; 7.731891198142627708e+00; 1.31428826351705408e+00; 0.164157399888089389;-1.363784046828056873e+00; 0.326687182260696152;-3.534506616231988030e+00; 0.247141428354787279;                        ;                     ;  0.19307200000; -0.07476436000;  0.06685029000; -0.36776733000; -0.44754913000; -0.39025700000; -0.18136579000; 1.319384300e-01; 3.870186200e-02; 1.212932000e-01; 126;17.9672720; 2.614261600e+00; 0.70000;Alessi_31        ;              ;Simbad;267.64666013773;-11.89477183828
267.62387951281;-11.89114919360;4151573872910627584; 1.52691291216955971e+01; 7.753020217551412685e+00; 1.48034596089932480e+00; 0.033795624386141754;-1.074394324266064293e+00; 0.057099890142040796;-4.112484178670346324e+00; 0.044383421217315380;                        ;                     ;  0.25964063000;  0.01828875200; -0.11864625000; -0.42282447000; -0.55253130000; -0.37805703000; -0.30597505000; 7.495040400e-02; 1.542142100e-02; 1.590013000e-01; 136;13.0876700; 1.179789500e+00; 1.00000;Alessi_31        ; 7256.59330000;Simbad;267.62388424012;-11.89113148707
267.60845258702;-11.83718499013;4151575316019983360; 1.53087278810797933e+01; 7.793028812722152310e+00; 1.50682881370234556e+00; 0.042421859206131056;-1.366450196721635368e+00; 0.084342422388028929;-3.998165994880462204e+00; 0.064046890943508336;                        ;                     ;  0.14294434000;  0.11255768000; -0.06049635000; -0.40102896000; -0.42297268000; -0.41587248000; -0.27297977000; 1.221929500e-01;-1.620341300e-02; 1.018131450e-01; 138;15.0892130; 1.607867200e+00; 1.00000;Alessi_31        ; 5941.53560000;Simbad;267.60845859817;-11.83716777581
267.43627650603;-11.89392256484;4151576071933956864; 1.51741733382360291e+01; 7.910686845980118953e+00; 1.58062919592554119e+00; 0.059164939920492501;-1.248170417663527099e+00; 0.126066759962491920;-4.121443138375282977e+00; 0.109278052492498792;                        ;                     ;  0.36076570000;  0.01043531800; -0.32387325000; -0.34357548000; -0.24309270000; -0.32598970000; -0.43389320000;-4.911602300e-02; 9.460094600e-02; 3.704136000e-01; 128;16.1040780; 1.752898200e+00; 1.00000;Alessi_31        ; 5551.92330000;Simbad;267.43628199800;-11.89390481973
267.49263813566;-11.90778057536;4151576140653408512; 1.51898718722567843e+01; 7.855989681301179139e+00; 1.48996594840411678e+00; 0.026484770304198768;-1.024720870944982209e+00; 0.053238633381663542;-4.226830550412385534e+00; 0.043749759038698932;                        ;                     ;  0.28369070000;  0.00935247800; -0.35350007000; -0.29603110000; -0.30390190000; -0.25307432000; -0.47816550000;-9.047799000e-02; 8.662657000e-02; 2.267843200e-01; 150;13.6675680; 1.293382600e+00; 1.00000;Alessi_31        ; 6670.82200000;Simbad;267.49264264468;-11.90776237650
267.53230541124;-11.84512181292;4151577888681943424; 1.52642411460612202e+01; 7.853649223180316774e+00; 1.44760346674400275e+00; 0.048353996591486717;-1.684330183244479917e+00; 0.099750735211096328;-4.168480110274322747e+00; 0.078378263695967135;                        ;                     ;  0.21693379000;  0.14774847000; -0.23586786000; -0.36655942000; -0.38153285000; -0.35062027000; -0.35225720000; 1.142678200e-01;-1.044522700e-01; 3.655414700e-02; 136;11.5841530; 9.601745600e-01; 0.90000;Alessi_31        ;11086.44800000;Simbad;267.53231282100;-11.84510386530
267.54993807563;-11.81653231649;4151578236597759360; 1.52979448993668523e+01; 7.852966566219128808e+00; 1.47999346363664341e+00; 0.056951248448635604;-1.475429115771644817e+00; 0.112521746738426159;-4.380206971312226472e+00; 0.089156277857195473;                        ;                     ;  0.20997870000;  0.06983196000; -0.09109940000; -0.38244468000; -0.44366574000; -0.39280105000; -0.25885284000; 1.308150000e-01;-1.071379500e-02; 1.594314100e-01; 132;15.7160100; 1.788343400e+00; 1.00000;Alessi_31        ; 5767.70650000;Simbad;267.54994456571;-11.81651345726
267.51110752477;-11.75445635580;4151579778463306496; 1.53330936682839720e+01; 7.916889558338072064e+00; 1.47616177050583675e+00; 0.030480168043535542;-1.025019505549988219e+00; 0.064740369487578775;-4.272061378402296050e+00; 0.055111002997953032;                        ;                     ;  0.22017615000;  0.21876326000; -0.16315538000; -0.49232540000; -0.32040152000; -0.49230114000; -0.29773656000; 5.023739000e-02;-2.647120000e-02; 2.947140600e-01; 122;13.4896310; 1.364292100e+00; 1.00000;Alessi_31        ; 8307.51900000;Simbad;267.51111203258;-11.75443796220
267.81119723725;-11.94918484150;4151581427730755328; 1.53105780491568755e+01; 7.565212776534622208e+00; 1.64136896877225413e+00; 0.058293320002417791;-1.278417972451632023e+00; 0.084039457878415019;-3.895829687852803591e+00; 0.071244016753452821;                        ;                     ;  0.19179977000; -0.14635552000; -0.12749228000; -0.34535095000; -0.56120455000; -0.14724898000; -0.37306708000;-2.142978300e-01; 2.089051600e-01; 3.433825000e-02; 114;10.7925370; 1.056706400e+00; 1.00000;Alessi_31        ; 8002.90870000;Simbad;267.81120286346;-11.94916806779
267.85274172470;-11.94056479240;4151581500774042880; 1.53385435223499407e+01; 7.534265264035208354e+00; 1.31545498282634865e+00; 0.166589515872745120;-1.321936636317176506e+00; 0.296243699910640812;-4.376428435518024962e+00; 0.259084727910901480;                        ;                     ;  0.35153060000; -0.28454047000; -0.09597964600; -0.38912132000; -0.39063585000; -0.31013700000; -0.26621255000;-8.438541000e-02; 1.042417200e-01; 1.786274800e-01; 135;17.9228780; 2.220899600e+00; 0.80000;Alessi_31        ; 3883.96900000;Simbad;267.85274754224;-11.94054594945
267.91937939475;-11.85852693416;4151583768516265600; 1.54430556920537132e+01; 7.518561982236577457e+00; 1.49852780012372144e+00; 0.080463444578255439;-1.218130609835334610e+00; 0.089326295873480427;-3.942204971287272208e+00; 0.078145722371353421;                        ;                     ;  0.54504555000; -0.52333630000; -0.01281768100; -0.40754080000; -0.69509995000;  0.07249660000; -0.48945704000;-3.722940000e-01; 3.540237800e-01; 1.113325660e-01; 134;15.4324970; 1.734960600e+00; 1.00000;Alessi_31        ; 5991.78560000;Simbad;267.91938475386;-11.85850996078
267.78913166858;-11.90770710224;4151584696229754624; 1.53360044584669275e+01; 7.604598731660421329e+00; 1.44028796852063645e+00; 0.059403095437724741;-8.617280414734586058e-01; 0.103047283990583827;-3.938065501355904274e+00; 0.084647838053519248;                        ;                     ;  0.34814152000; -0.07083083000; -0.20668493000; -0.49278632000; -0.49888676000; -0.42541490000; -0.31830794000; 3.343185400e-02;-4.250785700e-02; 1.181047900e-01; 131;15.7202750; 1.730567900e+00; 0.90000;Alessi_31        ; 5671.05000000;Simbad;267.78913546039;-11.90769014668
267.84572421190;-11.88562638690;4151585039827123968; 1.53831497714342103e+01; 7.567582170009413467e+00; 1.55107029321541967e+00; 0.049025325618122152;-8.934886859775337253e-01; 0.080750779976883416;-4.394075516048257413e+00; 0.074706877838307498;                        ;                     ;  0.29715225000; -0.16385464000; -0.22874263000; -0.29862413000; -0.48990090000; -0.18317758000; -0.30674133000;-1.178864300e-01; 9.177898600e-02; 1.420327300e-01; 131;11.3301050; 1.100958800e+00; 1.00000;Alessi_31        ; 8268.96200000;Simbad;267.84572814315;-11.88560746797
267.82300912979;-11.87358163720;4151585276022950784; 1.53825174262881426e+01; 7.592856519983551600e+00; 1.50784584038591940e+00; 0.094867717367400919;-1.354855715720285181e+00; 0.165997211814569057;-3.790561068175235970e+00; 0.137648967958365592;                        ;                     ;  0.30220720000; -0.29439366000; -0.21724376000; -0.24424495000; -0.41144818000; -0.19833511000; -0.37749833000;-5.722439400e-03; 3.241545300e-02;-9.906857000e-03; 141;16.8921810; 2.041195000e+00; 1.00000;Alessi_31        ; 4440.52250000;Simbad;267.82301509074;-11.87356531672
267.81123567240;-11.86956022755;4151585280345315712; 1.53802452785058055e+01; 7.604850163147194309e+00; 1.43161400682464590e+00; 0.045722437936614700;-1.167748321762088759e+00; 0.073406910566595471;-4.084537419060291441e+00; 0.062171544042977755;                        ;                     ;  0.34423280000; -0.22907794000; -0.17393708000; -0.34901592000; -0.49580407000; -0.23136170000; -0.36883125000;-9.405035500e-02; 1.145645750e-01; 1.226299260e-01; 149;15.2757225; 1.818866700e+00; 1.00000;Alessi_31        ; 5702.42900000;Simbad;267.81124081006;-11.86954264134
267.85150420341;-11.84987106387;4151585383424045696; 1.54172707650551608e+01; 7.580482666132721370e+00; 1.46998197728034308e+00; 0.057778752460877082;-8.304588133293273611e-01; 0.099201133719521759;-4.128433009810406062e+00; 0.083442878342507590;                        ;                     ;  0.44152805000; -0.17275165000; -0.27415088000; -0.48254853000; -0.43254188000; -0.35834953000; -0.44531210000;-1.350072800e-01; 9.627346000e-02; 2.723838400e-01; 144;15.7735400; 1.782836000e+00; 1.00000;Alessi_31        ; 5548.22700000;Simbad;267.85150785685;-11.84985328867
267.74677640771;-11.89119420731;4151585555223243136; 1.53296088324706989e+01; 7.648759657601781115e+00; 1.43243957823172385e+00; 0.043670630329827931;-1.162379229227743060e+00; 0.072100562446093613;-4.234782244960753061e+00; 0.060626880731835774;                        ;                     ;  0.29486220000; -0.21914816000; -0.13699758000; -0.36462870000; -0.45959720000; -0.25965634000; -0.34304510000;-9.866627000e-02; 1.153109450e-01; 9.648506000e-02; 145;15.1921180; 1.596916200e+00; 1.00000;Alessi_31        ; 5968.77930000;Simbad;267.74678152215;-11.89117597422
267.74949203918;-11.86415296083;4151585795741424896; 1.53545991220509475e+01; 7.659933573257557526e+00; 1.53732159139793523e+00; 0.051681705693456065;-1.344404184089550647e+00; 0.076941389888763659;-4.128587705210281733e+00; 0.065983263209837814;                        ;                     ;  0.26463354000; -0.24822631000; -0.11462410000; -0.34645550000; -0.49236652000; -0.19533853000; -0.36621700000;-1.611628200e-01; 1.591782900e-01; 4.460134700e-02; 132;10.7013870; 9.603805500e-01; 1.00000;Alessi_31        ; 7676.78800000;Simbad;267.74949795394;-11.86413518496
267.80374457727;-11.87017908960;4151586031935694080; 1.53760195134861331e+01; 7.610898403672573309e+00; 1.45350668394160643e+00; 0.048057963410299720;-1.079824789428692977e+00; 0.082272372715242764;-4.209113577917213078e+00; 0.071467983504914123;                        ;                     ;  0.42955977000; -0.09263848000; -0.35278538000; -0.45681503000; -0.44257683000; -0.32345694000; -0.45047748000;-1.489384300e-01; 5.453210300e-02; 2.658503400e-01; 131;12.7752570; 1.177527400e+00; 1.00000;Alessi_31        ; 7813.93400000;Simbad;267.80374932811;-11.87016096703
267.82276428087;-11.85312918936;4151586070619302400; 1.54002890111601758e+01; 7.603251345928640603e+00; 1.46157613751132498e+00; 0.049482350753843371;-1.231044883056080730e+00; 0.084740944951651465;-4.151589240033118244e+00; 0.072839061391920049;   5.3627971121581605729;  1.95189300394569720;  0.43011310000; -0.10850596400; -0.35786760000; -0.44652012000; -0.43599144000; -0.31529033000; -0.46850160000;-1.485408500e-01; 5.813691000e-02; 2.464218100e-01; 136;12.4536060; 1.239565800e+00; 1.00000;Alessi_31        ; 8174.62300000;Simbad;267.82276969668;-11.85311131446
267.79526095965;-11.83966580499;4151586341173338240; 1.53985399115374957e+01; 7.633298161763135248e+00; 1.52322253133170160e+00; 0.048466985044543553;-1.088439312402034176e+00; 0.076649574688772010;-4.142054489940586670e+00; 0.065679742765147459;                        ;                     ;  0.30173180000; -0.16642895000; -0.21070246000; -0.32276136000; -0.52415746000; -0.19801912000; -0.37199375000;-1.000586750e-01; 1.016277400e-01; 8.034370000e-02; 139;11.5748660; 1.018417400e+00; 1.00000;Alessi_31        ; 7614.30220000;Simbad;267.79526574785;-11.83964797115
267.89206957014;-11.78124203378;4151588235282823296; 1.54972567499659171e+01; 7.580209715000860271e+00; 1.52667558804298875e+00; 0.037319927046531143;-1.113531209900094021e+00; 0.053522689570349592;-4.673694559467666210e+00; 0.048618521337210847;                        ;                     ;  0.32755570000; -0.27040285000; -0.19635537000; -0.27813610000; -0.50577900000; -0.04616555000; -0.42911667000;-2.773573000e-01; 2.676976000e-01; 1.933813000e-01; 131;14.0067520; 1.478415500e+00; 0.90000;Alessi_31        ; 9036.69500000;Simbad;267.89207446768;-11.78122191092
267.86774599595;-11.76741068195;4151588505836852480; 1.54974036649526212e+01; 7.607746707376466411e+00; 1.52074568986769831e+00; 0.055775821997716593;-1.235335214546027682e+00; 0.077193163751290719;-4.067521317995066887e+00; 0.067229483311257221;                        ;                     ;  0.35068965000; -0.26978060000; -0.20948525000; -0.32754000000; -0.52387870000; -0.05074218000; -0.48982278000;-3.290261300e-01; 2.776486300e-01; 1.584174000e-01; 142;11.6337320; 1.067821500e+00; 1.00000;Alessi_31        ; 9762.53900000;Simbad;267.86775142894;-11.76739316902
268.05341297746;-11.78445617634;4151590503024930944; 1.55736745716745464e+01; 7.441585651406117385e+00; 1.34598323400249065e+00; 0.072611703988649509;-1.831519500676654255e+00; 0.114361080867636453;-4.181243099438049171e+00; 0.098593858407648713;                        ;                     ;  0.08948029000;  0.05638228700; -0.37667552000; -0.24533677000; -0.43888304000; -0.06279354500; -0.46691010000;-3.744506000e-01; 3.054491600e-01; 1.918648300e-01; 142;16.0507240; 1.945492700e+00; 0.70000;Alessi_31        ; 5547.80660000;Simbad;268.05342103296;-11.78443817377
268.09523087775;-11.73091019746;4151592358450821632; 1.56410520976772620e+01; 7.432662446109526755e+00; 1.57553644329745768e+00; 0.076736592686031946;-8.326851168045906748e-01; 0.113495944391259401;-3.732173608779427276e+00; 0.090308097724708838;                        ;                     ;  0.14937633000; -0.00292632960; -0.30135322000; -0.35443110000; -0.40250406000; -0.15601116000; -0.48741633000;-4.208482200e-01; 2.751227300e-01; 1.955982400e-01; 152;16.1716400; 1.972112700e+00; 0.70000;Alessi_31        ; 5243.10640000;Simbad;268.09523453940;-11.73089412838
268.08137435926;-11.71665537625;4151592427170331648; 1.56467317021324810e+01; 7.451518716505996842e+00; 1.54365217843254876e+00; 0.208141001650047092;-1.804931856194248230e+00; 0.282820382420870431;-3.733887856870379274e+00; 0.255769924978777596;                        ;                     ;  0.09759268000; -0.10434291500; -0.14638771000; -0.29981630000; -0.44949758000; -0.09323844000; -0.38688168000;-3.524188000e-01; 3.812168000e-01; 1.590528500e-01; 141;14.7877490; 1.853090300e+00; 0.80000;Alessi_31        ; 6165.44730000;Simbad;268.08138229586;-11.71663929979
267.95506086669;-11.77155358970;4151593457962548096; 1.55366832279092737e+01; 7.531538154836474597e+00; 1.35065929322234934e+00; 0.173668894122588596;-1.548736495264544155e+00; 0.253839851657642612;-3.817115355084005124e+00; 0.223345896365452795;                        ;                     ;  0.37001893000; -0.32528085000; -0.11293588000; -0.37693290000; -0.43998990000; -0.15196359000; -0.40188816000;-2.917200000e-01; 2.856145200e-01; 2.544701400e-01; 139;17.7679560; 2.388301800e+00; 1.00000;Alessi_31        ; 3931.76980000;Simbad;267.95506767811;-11.77153715489
267.96969689363;-11.72082604766;4151594454395001984; 1.55882650285881343e+01; 7.544333632769871123e+00; 1.42921350853329332e+00; 0.049323230617466560;-1.278189126684505128e+00; 0.070205654456543157;-4.070297990434817770e+00; 0.063633333573324305;                        ;                     ;  0.36147183000; -0.28125492000; -0.16567954000; -0.33079200000; -0.49780290000; -0.08092841000; -0.41260383000;-2.974082800e-01; 2.873715800e-01; 2.472793000e-01; 146;14.9362990; 1.671228400e+00; 1.00000;Alessi_31        ; 6165.08800000;Simbad;267.96970251414;-11.72080852276
267.93844954479;-11.70513781343;4151594690592065920; 1.55866465086781663e+01; 7.578680441677782653e+00; 1.47433710504524917e+00; 0.154921647264513768;-1.629673015639801381e+00; 0.231274878340623463;-4.067976360559377724e+00; 0.205498179840897410;                        ;                     ;  0.35325834000; -0.30644342000; -0.14310914000; -0.36245683000; -0.42654085000; -0.14276175000; -0.40050915000;-2.941922200e-01; 2.894060600e-01; 2.670580700e-01; 137;17.6000270; 2.548761400e+00; 0.90000;Alessi_31        ;              ;Simbad;267.93845671045;-11.70512029854
267.69830433580;-11.85757242095;4151597649851185024; 1.53351576703920145e+01; 7.706640973567234099e+00; 1.54496335924506267e+00; 0.072378414475586531;-1.341862242406042682e+00; 0.119620642307994685;-4.113811832604887364e+00; 0.102601694481523537;                        ;                     ;  0.26409978000; -0.06736227000; -0.14548573000; -0.25177175000; -0.52585320000; -0.17080528000; -0.33038852000;-7.639791000e-02; 1.883057000e-01; 2.792950600e-01; 123;16.1346040; 1.767515200e+00; 1.00000;Alessi_31        ; 5523.29150000;Simbad;267.69831023923;-11.85755470870
267.71360012177;-11.84426067842;4151597684210922880; 1.53543332737926068e+01; 7.700300666333919963e+00; 1.49204995090403103e+00; 0.029813963082369138;-1.517146817734930986e+00; 0.052768407033801763;-4.008197146176588177e+00; 0.043262322000767510;                        ;                     ;  0.37397414000; -0.08931548000; -0.23879950000; -0.37586242000; -0.44510132000; -0.28783077000; -0.42091772000;-7.851377000e-02; 1.087999700e-01; 2.696703700e-01; 138;13.3161610; 1.262644800e+00; 1.00000;Alessi_31        ; 8221.74100000;Simbad;267.71360679603;-11.84424342090
267.68158720363;-11.82683732122;4151597924729111808; 1.53538114811726540e+01; 7.736147858002698996e+00; 1.50134609799433205e+00; 0.029593756476394648;-9.399466064029771140e-01; 0.052006049181679462;-4.344820360309737950e+00; 0.042434417415137239;                        ;                     ;  0.37350080000; -0.09219073000; -0.23945354000; -0.37751544000; -0.44564807000; -0.28776723000; -0.42728487000;-7.982113000e-02; 1.085551750e-01; 2.629435700e-01; 140;13.2293690; 1.236946100e+00; 1.00000;Alessi_31        ; 7342.74760000;Simbad;267.68159133840;-11.82681861436
267.76967211223;-11.82089629930;4151598165247393152; 1.54023710424992313e+01; 7.664364941650850582e+00; 1.55289765390349066e+00; 0.039409334479810966;-1.154697660514996560e+00; 0.070367677648188826;-4.146588617032798574e+00; 0.056438335102399290;                        ;                     ;  0.21156456000; -0.22298792000; -0.18572688000; -0.13843080000; -0.46034510000; -0.09925777500; -0.36505684000; 2.242469200e-02; 7.887810000e-02;-3.450668200e-02; 140;14.7685320; 1.594645500e+00; 1.00000;Alessi_31        ; 6254.42140000;Simbad;267.76967719156;-11.82087844593
267.78732251776;-11.80144863206;4151598302685784448; 1.54280699016748635e+01; 7.659073041982758845e+00; 1.44924007123479082e+00; 0.045627526887668468;-8.799736380957865478e-01; 0.077045943326061531;-4.353310457574042225e+00; 0.064124851691359341;                        ;                     ;  0.34916120000; -0.14892776000; -0.13366838000; -0.34546822000; -0.46905720000; -0.25260633000; -0.37254897000;-7.950182000e-02; 1.548158100e-01; 2.445584000e-01; 149;15.2849530; 1.691037200e+00; 1.00000;Alessi_31        ; 5937.62940000;Simbad;267.78732638835;-11.80142988864
267.66655410115;-11.82697126376;4151598676329270272; 1.53462899800886330e+01; 7.748835356594517165e+00; 1.55795123153645387e+00; 0.046105288231715551;-1.041826795703909125e+00; 0.061409479337275030;-4.105656471396738283e+00; 0.049871146852228647;                        ;                     ;  0.15715185000;  0.10655684000; -0.28761100000; -0.28249090000; -0.65696340000; -0.07029373000; -0.48409092000;-2.465641300e-01; 2.531082300e-01; 1.665975300e-01; 117;13.1124830; 1.198405300e+00; 1.00000;Alessi_31        ; 7829.38700000;Simbad;267.66655868409;-11.82695358663
267.68469635948;-11.81101996939;4151598715003099392; 1.53691799309077144e+01; 7.741396036315292939e+00; 1.48815870389273019e+00; 0.031679402222131628;-1.196672031986848461e+00; 0.055827985649757932;-4.099300833986442960e+00; 0.045323145849489543;                        ;                     ;  0.35608900000; -0.11045746000; -0.21382430000; -0.37821215000; -0.43135685000; -0.29193264000; -0.41572430000;-8.612217000e-02; 1.150680600e-01; 2.498599400e-01; 137;13.7194260; 1.356664700e+00; 1.00000;Alessi_31        ; 8060.53200000;Simbad;267.68470162327;-11.81100231962
267.69338319894;-11.80945044417;4151598813768317696; 1.53748310109820583e+01; 7.734807580120063086e+00; 1.51442674952984713e+00; 0.063144223244131298;-1.543020751091509934e+00; 0.092771449726304425;-4.384032730624767282e+00; 0.073561175662909692;                        ;                     ;  0.49226907000; -0.41119630000; -0.02425730800; -0.39803988000; -0.60467650000; -0.19940448000; -0.36352292000;-1.188534600e-01; 1.846924000e-01; 1.755828600e-01; 120;15.4133710; 1.640286400e+00; 1.00000;Alessi_31        ; 5974.86040000;Simbad;267.69338998616;-11.80943156847
267.65717691671;-11.80322900413;4151598985558917888; 1.53624406304769874e+01; 7.768630571220668024e+00; 1.48987844098503630e+00; 0.143634029098563071;-1.108394533385558267e+00; 0.311628673925510358;-4.155633964378423251e+00; 0.269111230968271831;                        ;                     ;  0.27143243000; -0.16089417000; -0.14069743000; -0.17794655000; -0.30513972000; -0.19641120000; -0.22501297000; 1.282223900e-01; 9.224820000e-02; 2.640845800e-01; 130;17.7249660; 2.196495000e+00; 0.80000;Alessi_31        ; 4053.49240000;Simbad;267.65718179205;-11.80321111182
267.69052323711;-11.77739560071;4151599127319972608; 1.54014664053542720e+01; 7.753213767676429669e+00; 1.50425802866936187e+00; 0.092353280588076708;-1.462191962271292445e+00; 0.170684099786729576;-4.253312014468162872e+00; 0.137599118639992801;                        ;                     ;  0.35003072000; -0.17237589000; -0.13825099000; -0.33948675000; -0.40150276000; -0.28628817000; -0.35716727000;-3.222539300e-02; 1.112735640e-01; 2.441125200e-01; 139;16.7827450; 2.080890700e+00; 1.00000;Alessi_31        ; 4666.65600000;Simbad;267.69052966804;-11.77737728784
267.71548288661;-11.78437456923;4151599226075223808; 1.54076510563040632e+01; 7.728552767362143250e+00; 1.45081041259678578e+00; 0.066072973618522823;-1.177910238024654221e+00; 0.093735434504578705;-4.143805762536686643e+00; 0.077112493409365296;                        ;                     ;  0.53907865000; -0.31590426000; -0.17242558000; -0.38465230000; -0.64866570000; -0.18162933000; -0.41262096000;-9.712007000e-02; 1.580084100e-01; 2.591586400e-01; 131;12.3158100; 1.216782600e+00; 1.00000;Alessi_31        ; 8224.12400000;Simbad;267.71548806736;-11.78435672784
267.79485816716;-11.77989960651;4151599848874024704; 1.54506312523512275e+01; 7.663409828928807954e+00; 1.51386670542967838e+00; 0.089568675159474156;-1.460725290965519729e+00; 0.137694975805649877;-4.350711142160216482e+00; 0.115781893932622032;                        ;                     ;  0.29226900000; -0.17221880000; -0.06872893000; -0.21561636000; -0.52827620000; -0.07454707500; -0.38985083000;-1.727629800e-01; 3.016270400e-01; 2.700466500e-01; 152;16.5864090; 1.947980900e+00; 1.00000;Alessi_31        ; 5115.31700000;Simbad;267.79486459170;-11.77988087428
267.76684543091;-11.73255276694;4151600914025976576; 1.54782763815609297e+01; 7.710773124887007057e+00; 1.38915930955632083e+00; 0.034225517481800728;-1.098618079932532687e+00; 0.056342047561797996;-4.104669858689258710e+00; 0.047174588715217528;                        ;                     ;  0.38700575000; -0.07243086000; -0.32529208000; -0.33777055000; -0.46572703000; -0.17001545000; -0.50992420000;-2.458482700e-01; 2.159883100e-01; 3.178990200e-01; 149;12.9951260; 1.351034200e+00; 1.00000;Alessi_31        ; 7349.25300000;Simbad;267.76685026201;-11.73253509406
267.74166703382;-11.70201209161;4151601360702620032; 1.54926087015823288e+01; 7.747363270202017205e+00; 1.56718786827203127e+00; 0.063751831580022914;-1.680855597188158690e+00; 0.113192499729385929;-3.790008236425720156e+00; 0.095522643571846019;                        ;                     ;  0.29511315000; -0.03708585400; -0.25806168000; -0.30147165000; -0.36739340000; -0.22697827000; -0.44127960000;-1.765778400e-01; 2.228652400e-01; 3.439768000e-01; 160;16.2651960; 1.953245200e+00; 0.90000;Alessi_31        ; 5249.86870000;Simbad;267.74167442445;-11.70199577352
267.80782633330;-11.69790134161;4151601463781789568; 1.55287634900798128e+01; 7.693230309194605709e+00; 1.43703070540451860e+00; 0.048120353488173319;-1.232288321808704179e+00; 0.075318597459072087;-4.058575300584800871e+00; 0.062993135745328693;                        ;                     ;  0.37835354000; -0.11551995600; -0.29996485000; -0.34624287000; -0.43921617000; -0.15900170000; -0.51330500000;-3.005104000e-01; 2.413683800e-01; 3.147114200e-01; 133;12.9485580; 1.436787600e+00; 1.00000;Alessi_31        ; 8478.18600000;Simbad;267.80783175153;-11.69788386719
267.80321679254;-11.66429277095;4151601837415336064; 1.55559090076942130e+01; 7.713876727640379016e+00; 1.52696855971593504e+00; 0.083065209401467208;-9.313052533585083337e-01; 0.127038045266729932;-4.439501191409790160e+00; 0.104999705970960588;                        ;                     ;  0.31138660000; -0.22831063000; -0.16577652000; -0.29344730000; -0.46804562000; -0.10801305000; -0.45045942000;-2.525371000e-01; 2.758732700e-01; 2.372076000e-01; 139;14.4894090; 1.665990800e+00; 1.00000;Alessi_31        ; 5949.67240000;Simbad;267.80322088688;-11.66427365643
267.79493863716;-11.66634882175;4151601910458423936; 1.55500366570507147e+01; 7.719884295902821769e+00; 1.46616293107095053e+00; 0.042969059819133397;-1.023454318307837063e+00; 0.068042910226851064;-4.282334505395613888e+00; 0.056535178325467159;                        ;                     ;  0.38477433000; -0.15181689000; -0.27142566000; -0.36119586000; -0.42817550000; -0.18557495000; -0.50207230000;-2.776391500e-01; 2.417242800e-01; 3.237928200e-01; 142;14.6938220; 1.694002200e+00; 1.00000;Alessi_31        ; 6459.63530000;Simbad;267.79494313665;-11.66633038392
267.67116418482;-11.73472717902;4151602632013313280; 1.54292635627384929e+01; 7.790913346017783070e+00; 1.37209273166681855e+00; 0.108922987580087144;-1.029772604475416076e+00; 0.228550392681020009;-3.805815570106415358e+00; 0.202725794912672286;                        ;                     ;  0.27207533000; -0.07718563000; -0.09877347000; -0.27774408000; -0.32019612000; -0.27945057000; -0.22417024000; 5.835365000e-02; 1.559628000e-01; 3.701903000e-01; 140;17.4279790; 2.264972700e+00; 0.90000;Alessi_31        ; 3955.70900000;Simbad;267.67116871321;-11.73471079287
267.67983387536;-11.71540547542;4151602730768535168; 1.54504406970647903e+01; 7.793184970821089408e+00; 1.54130756284597381e+00; 0.042812327872144389;-1.034372584146568297e+00; 0.083462044516355971;-4.338493864707338332e+00; 0.068332045722636514;                        ;                     ;  0.30721062000;  0.04927404600; -0.31362024000; -0.37195520000; -0.32054424000; -0.32312787000; -0.45160404000;-8.950645500e-02; 5.187176500e-02; 2.544120600e-01; 141;11.6568540; 1.315667200e+00; 1.00000;Alessi_31        ; 8010.71040000;Simbad;267.67983842366;-11.71538679579
267.69378380296;-11.70827618561;4151602769451928192; 1.54635499943005730e+01; 7.784895725071598882e+00; 1.47166548750784254e+00; 0.031918216872601442;-1.457910782658231152e+00; 0.062808496363087940;-3.993311806604325831e+00; 0.051195543785016867;                        ;                     ;  0.31878185000;  0.03321343700; -0.27727030000; -0.40388660000; -0.31648135000; -0.36362177000; -0.43282790000;-8.725586500e-02; 7.505376000e-02; 3.065049000e-01; 157;14.5140320; 1.706659300e+00; 1.00000;Alessi_31        ; 6519.32760000;Simbad;267.69379021346;-11.70825899219
267.59827473556;-11.69164748529;4151603898999639168; 1.54310383189531599e+01; 7.874260060403056372e+00; 1.44860842217289543e+00; 0.045096051602287059;-1.179012279019991727e+00; 0.094931703904134690;-3.940460484440337030e+00; 0.083675317573660812;                        ;                     ;  0.37756953000;  0.12557156000; -0.35571167000; -0.44276345000; -0.22562593000; -0.41334626000; -0.43945876000;-9.532503000e-02; 2.485986200e-02; 4.003814500e-01; 130;12.7277670; 1.241763100e+00; 1.00000;Alessi_31        ; 8185.23140000;Simbad;267.59827991942;-11.69163051942
267.71751405815;-11.57066984128;4151606342864816128; 1.55956697248861929e+01; 7.833293482251638018e+00; 1.51395943928870591e+00; 0.047276621390889124;-1.246084971550992515e+00; 0.084257535746022197;-4.307308657770616556e+00; 0.069485485522764359;                        ;                     ;  0.29516628000;  0.03376482000; -0.35992825000; -0.35667711000; -0.29488534000; -0.27590138000; -0.49985996000;-2.575105000e-01; 1.559408200e-01; 3.283215200e-01; 147;12.3892790; 1.520625100e+00; 1.00000;Alessi_31        ; 6580.91360000;Simbad;267.71751953452;-11.57065129592
267.91726513117;-11.65078086704;4151607201858049536; 1.56238134196393812e+01; 7.623712225619241778e+00; 1.42269014149754702e+00; 0.042181936623003728;-1.065407776281440455e+00; 0.054714299394075461;-3.963428612505507154e+00; 0.047426704032681601;                        ;                     ;  0.24739788000; -0.10026102000; -0.19376823000; -0.24332586000; -0.60336680000;  0.02868366400; -0.52073440000;-3.484023500e-01; 3.867730000e-01; 1.592390800e-01; 137;13.1913280; 1.501498200e+00; 1.00000;Alessi_31        ; 9454.29900000;Simbad;267.91726981484;-11.65076380227
267.86769468786;-11.64311764301;4151607682894434944; 1.56061546251645371e+01; 7.669641474930374514e+00; 1.47985457656203701e+00; 0.060085869897779351;-1.171412093627116402e+00; 0.091902953149874261;-4.102142583704712742e+00; 0.075814093464997193;                        ;                     ;  0.31398034000; -0.18388262000; -0.17876758000; -0.33147487000; -0.46007028000; -0.15649858000; -0.45398610000;-2.535510400e-01; 2.617892600e-01; 2.560873000e-01; 136;15.6375970; 1.953419700e+00; 1.00000;Alessi_31        ; 5572.18950000;Simbad;267.86769983740;-11.64309998101
267.85405770139;-11.62483947618;4151607923412627328; 1.56154480015610666e+01; 7.690321702590423136e+00; 1.48634546636093190e+00; 0.062404065097740664;-8.957350718601299056e-01; 0.072597913369425809;-4.003620947273111241e+00; 0.059818878599505229;                        ;                     ;  0.54661983000; -0.44187360000; -0.02873462000; -0.43768883000; -0.70398660000; -0.01217345100; -0.48893383000;-3.117839000e-01; 3.336713300e-01; 2.037722300e-01; 133;14.6113790; 1.827484100e+00; 1.00000;Alessi_31        ; 6145.56600000;Simbad;267.85406163879;-11.62482223836
267.90171387191;-11.63064367971;4151608056527979904; 1.56337968528779143e+01; 7.646941356893649733e+00; 1.54688957292909346e+00; 0.069504913378956062;-1.395384950621043396e+00; 0.113287343054892922;-4.250406240327495588e+00; 0.096253355004524047;                        ;                     ;  0.46407667000;  0.08881759000; -0.48744994000; -0.43646201000; -0.35859677000; -0.25497258000; -0.58451986000;-4.093305200e-01; 2.028164000e-01; 4.457240000e-01; 109;11.1003370; 1.395729100e+00; 1.00000;Alessi_31        ; 8947.59400000;Simbad;267.90172000576;-11.63062537935
268.01884000329;-11.57307581234;4151609229082605824; 1.57417302961352252e+01; 7.576001249750940580e+00; 1.42602627205049259e+00; 0.052280596782933147;-1.109466705985836521e+00; 0.066486287768336663;-4.400237124936484001e+00; 0.067151297439310004;                        ;                     ;  0.21655260000; -0.13706931000;  0.05953305000; -0.07408054000; -0.49102800000;  0.03541592500; -0.35656830000;-1.813847900e-01; 5.507042000e-01; 3.532557000e-01; 104;13.6178630; 1.563882800e+00; 1.00000;Alessi_31        ; 9804.43400000;Simbad;268.01884487929;-11.57305686688
267.86618304891;-11.56843331055;4151611531185198464; 1.56707871831428758e+01; 7.708077818563936034e+00; 1.49977132647182798e+00; 0.050996890676913327;-1.249831961461744356e+00; 0.075955223633458316;-4.222090181659612362e+00; 0.067842534126955498;                        ;                     ;  0.22841250000;  0.01374063000; -0.29474038000; -0.25706604000; -0.48293012000; -0.08822548000; -0.45658560000;-3.135543000e-01; 3.394472000e-01; 3.224006000e-01; 134;14.7017010; 1.750000000e+00; 1.00000;Alessi_31        ; 6407.79300000;Simbad;267.86618854172;-11.56841513211
267.84359732499;-11.55324788981;4151611737343662208; 1.56729738387900355e+01; 7.734827188035133361e+00; 1.59425467756629047e+00; 0.069076100470463406;-8.735057633525862286e-01; 0.115155754849734726;-3.868942797592408223e+00; 0.088658381218097937;                        ;                     ;  0.23916079000;  0.24940048000; -0.43328074000; -0.44216117000; -0.33759373000; -0.32674822000; -0.50815460000;-3.690392700e-01; 1.248799800e-01; 4.061965300e-01; 136;15.7267580; 1.874277100e+00; 0.90000;Alessi_31        ; 5769.43700000;Simbad;267.84360116370;-11.55323123186
267.79123232945;-11.57254969840;4151612042260339968; 1.56303144328858536e+01; 7.769723739957214548e+00; 1.40712957367445379e+00; 0.038650212425909283;-1.199052561702825814e+00; 0.066641020037241483;-4.006335949679304065e+00; 0.055376620056517785;                        ;                     ;  0.30232242000; -0.06205090000; -0.31887123000; -0.33670744000; -0.31900898000; -0.23603782000; -0.49336620000;-2.615088000e-01; 2.111132700e-01; 3.238804600e-01; 146;14.7593010; 1.772561100e+00; 1.00000;Alessi_31        ; 6405.05030000;Simbad;267.79123759916;-11.57253244890
267.77697414004;-11.56411185694;4151612115300822784; 1.56306838725225976e+01; 7.786038874868975057e+00; 1.54153520012021050e+00; 0.086671181444733625;-1.531173325591236978e+00; 0.128429772120340596;-4.128408256565971435e+00; 0.106522757296774156;                        ;                     ;  0.39907885000; -0.27642345000; -0.15508059000; -0.35401145000; -0.48456985000; -0.12812702000; -0.46348800000;-2.825033700e-01; 2.791761000e-01; 2.845494700e-01; 139;16.1827000; 2.052510300e+00; 1.00000;Alessi_31        ; 5180.54150000;Simbad;267.77698086918;-11.56409408185
267.82443257810;-11.54203969098;4151612561977406208; 1.56733590749590732e+01; 7.756691477995968143e+00; 1.40870696771509252e+00; 0.119427278575950438;-1.116344178290327616e+00; 0.175632669491241400;-3.739596708479061782e+00; 0.143609927970397150;                        ;                     ;  0.09453612000; -0.00330358740; -0.23876917000; -0.24375594000; -0.46110862000; -0.07426275000; -0.48258394000;-3.702052500e-01; 3.654601300e-01; 1.724440900e-01; 127;16.6951520; 2.142748800e+00; 0.80000;Alessi_31        ; 4709.16300000;Simbad;267.82443748379;-11.54202358994
268.66350392767;-11.70357559540;4151630085436276608; 1.59429311989445637e+01; 6.962914676297152994e+00; 1.43953145611869493e+00; 0.084527310845976464;-1.328480134016563952e+00; 0.137171139327424030;-4.107900690560747137e+00; 0.122332277549579926;                        ;                     ;  0.34498830000; -0.20000497000; -0.06193562200; -0.24886630000; -0.51187545000; -0.13605963000; -0.28094190000;-1.064672100e-01; 1.965432000e-01; 2.904198200e-01; 141;16.5938450; 2.016457600e+00; 0.90000;Alessi_31        ; 4917.67770000;Simbad;268.66350976896;-11.70355790861
268.51697046874;-11.77210477662;4151634998878669184; 1.58114106026232069e+01; 7.053686485971560671e+00; 1.43097441384441004e+00; 0.053124981692995898;-1.162578039808560559e+00; 0.087343605065167126;-4.057514069930449274e+00; 0.074768541956792708;                        ;                     ;  0.16509536000; -0.12733926000; -0.33209740000; -0.05470119400; -0.54314744000;  0.13959007000; -0.56064160000;-2.667338800e-01; 3.044566000e-01;-1.802913300e-02; 140;15.3911310; 1.823951700e+00; 1.00000;Alessi_31        ; 6265.21340000;Simbad;268.51697558183;-11.77208730677
268.35544295002;-11.66806514791;4151639053327892224; 1.58235372884189598e+01; 7.242615104175912144e+00; 1.48229947235323367e+00; 0.037905989408344200;-1.266677808289117468e+00; 0.074993746524627120;-4.117532183912167021e+00; 0.066381425638582819;                        ;                     ;  0.01949500300;  0.02229759000; -0.45447800000;  0.00035431594; -0.35030560000;  0.05861911000; -0.51649743000;-1.942496400e-01; 2.788112200e-01; 1.285956800e-01; 131;14.6560000; 1.825678800e+00; 1.00000;Alessi_31        ; 6316.58150000;Simbad;268.35544851885;-11.66804741964
268.39460569209;-11.66597710282;4151639736208739200; 1.58445224159019986e+01; 7.210335815692695327e+00; 1.43319128224687731e+00; 0.038200068865827247;-1.122868799749951796e+00; 0.076760104078662225;-4.252187587231813559e+00; 0.063322581686429652;                        ;                     ;  0.05663238000;  0.07225798000; -0.48670086000; -0.03421289500; -0.38937580000;  0.04427084000; -0.57223530000;-2.379158700e-01; 2.448034700e-01; 5.439855500e-02; 147;14.9036330; 1.774642000e+00; 1.00000;Alessi_31        ; 6632.38230000;Simbad;268.39461062864;-11.66595879479
268.16843222514;-11.35519908395;4151707429209942784; 1.60059419450416840e+01; 7.556853433876287163e+00; 1.54306716867132310e+00; 0.070699981212073507;-9.507307370988831163e-01; 0.133497246944308312;-3.993329346704310279e+00; 0.110194841023639925;                        ;                     ;  0.44108510000; -0.12345168000; -0.31543857000; -0.37679031000; -0.36522690000; -0.29218740000; -0.50006664000;-8.827828600e-02; 8.896182500e-02; 2.754162800e-01; 131;16.0061910; 2.127454800e+00; 1.00000;Alessi_31        ; 5192.42300000;Simbad;268.16843640029;-11.35518189045
268.04521442706;-11.40077773323;4151708322562917632; 1.59055603520193340e+01; 7.639126363092730188e+00; 1.37790977732511988e+00; 0.062109237132927868;-1.006617562206715055e+00; 0.085822019448843545;-4.226967625854791244e+00; 0.075337617493460379;                        ;                     ;  0.49719396000; -0.36861828000; -0.18402551000; -0.35157340000; -0.57252246000; -0.00068274920; -0.50729734000;-3.566659000e-01; 3.239586700e-01; 2.626665000e-01; 109;14.9056890; 1.608582500e+00; 1.00000;Alessi_31        ; 6156.71600000;Simbad;268.04521884834;-11.40075953379
267.96397465764;-11.37293359588;4151709490794102784; 1.58900483052697474e+01; 7.722081828535520387e+00; 1.58876424170075725e+00; 0.142483989414246504;-1.075953084669858173e+00; 0.251614375304516080;-4.411194679986157219e+00; 0.230598760132247699;                        ;                     ;  0.25615330000;  0.01041100500; -0.30121106000; -0.16949753000; -0.38924730000; -0.10058893000; -0.42301160000;-1.938743300e-01; 3.398573700e-01; 4.239525200e-01; 139;17.6623840; 2.286806000e+00; 0.70000;Alessi_31        ; 3953.21170000;Simbad;267.96397938300;-11.37291460324
268.02436193176;-11.32563470706;4151711243140753920; 1.59611434112278303e+01; 7.694171175351335101e+00; 1.46416793468898598e+00; 0.028403324383968344;-9.280351553786756469e-01; 0.053934702936639267;-3.902535029557798296e+00; 0.047762077650176968;                        ;                     ;  0.19178213000;  0.05594936800; -0.43764900000; -0.19502397000; -0.31059036000; -0.13106038000; -0.49991470000;-2.325647900e-01; 2.390281900e-01; 3.016427500e-01; 141;13.0433550; 1.367561300e+00; 1.00000;Alessi_31        ; 8902.29200000;Simbad;268.02436600683;-11.32561790448
268.12077986112;-11.26207920499;4151717634052070528; 1.60641530643661490e+01; 7.643602978991748564e+00; 1.46585501581108324e+00; 0.042150796649688113;-9.434502865690929108e-01; 0.086961938053555510;-3.911270219754259259e+00; 0.072107987922673311;                        ;                     ;  0.16156176000;  0.12224542000; -0.12183221400; -0.35863380000; -0.40546334000; -0.37513283000; -0.25404146000; 1.169647100e-01; 8.430624000e-03; 1.804244000e-01; 136;15.0808950; 1.789257000e+00; 1.00000;Alessi_31        ; 6292.41940000;Simbad;268.12078400295;-11.26206236480
268.17145798581;-11.19443823318;4151719897482877184; 1.61482854023409175e+01; 7.633958466227792172e+00; 1.54805006753963492e+00; 0.094071745456597494;-1.601387502327547230e+00; 0.191380270296305999;-4.360554640351830713e+00; 0.173676269363778030;                        ;                     ;  0.27033266000; -0.05454687800; -0.17539330000; -0.25241888000; -0.32291338000; -0.23930104000; -0.29165590000; 1.407594000e-03; 1.812096800e-01; 3.800593600e-01; 138;16.4772430; 2.119893000e+00; 0.90000;Alessi_31        ; 5041.43700000;Simbad;268.17146501440;-11.19441945857
266.78781831455;-12.30957973759;4162041773359808640; 1.44898044674013011e+01; 8.250804699751768112e+00; 1.65287106396747574e+00; 0.089948477013678710;-1.370611627356526308e+00; 0.172612081288210428;-4.209105914290779182e+00; 0.118452114562217020;                        ;                     ;  0.16542642000; -0.16273108000;  0.01891511000; -0.19170326000; -0.55350750000; -0.28443348000; -0.15049884000; 2.874293000e-01;-7.781519000e-02;-1.775055000e-01; 131;16.1677270; 1.779954900e+00; 0.90000;Alessi_31        ; 5342.49000000;Simbad;266.78782435466;-12.30956161506
266.64347721531;-12.29254958652;4162045445532772352; 1.44329083089157066e+01; 8.381224251805786452e+00; 1.48874746809787917e+00; 0.103162365612748066;-1.050892046455157214e+00; 0.206449816599855729;-4.060749452651069014e+00; 0.198856943964740573;                        ;                     ;  0.18453790000; -0.24455997000; -0.16636701000; -0.13098526000; -0.30419403000; -0.11502629500; -0.16991238000; 5.623417700e-02; 1.065015200e-01; 1.572059200e-01; 141;17.3564010; 2.100862500e+00; 0.90000;Alessi_31        ; 4136.82700000;Simbad;266.64348184616;-12.29253210274
267.18646288137;-11.90664008971;4163579921401578624; 1.50395607486961627e+01; 8.115983020210412846e+00; 1.50217628398078973e+00; 0.044833676284894153;-1.122252581681735917e+00; 0.069969303331408980;-3.874114398749773702e+00; 0.058518486241972485;                        ;                     ;  0.41151112000; -0.23748106000; -0.32104295000; -0.40317030000; -0.42152380000; -0.19979554000; -0.53005046000;-2.959827000e-01; 2.029384100e-01; 2.591872800e-01; 154;12.8308680; 1.125770600e+00; 1.00000;Alessi_31        ; 6844.76560000;Simbad;267.18646781953;-11.90662340949
267.30641865420;-11.91756492990;4163580230620946432; 1.50893464279597040e+01; 8.008904469727978537e+00; 1.53732914965477097e+00; 0.039718944397003089;-1.389045662728194630e+00; 0.064976225200007925;-4.070140681369718294e+00; 0.055077633544207701;                        ;                     ;  0.38867396000; -0.25719220000; -0.22415880000; -0.25134167000; -0.46383990000; -0.09015564000; -0.48736420000;-1.752439600e-01; 2.261668300e-01; 2.107435500e-01; 158;14.8903510; 1.555842400e+00; 1.00000;Alessi_31        ; 6424.51000000;Simbad;267.30642476656;-11.91754740569
267.12174807589;-11.92628330555;4163582395302759936; 1.49903442527624033e+01; 8.160945029459634625e+00; 1.61057877199907784e+00; 0.053324885486677444;-1.152774741456004559e+00; 0.073205527628907210;-4.145426340816094957e+00; 0.060591596632246399;                        ;                     ;  0.14257778000; -0.26573620000; -0.05821240300; -0.27096360000; -0.57634680000; -0.02858002000; -0.38813460000;-2.599682800e-01; 2.973054600e-01;-3.504393200e-02; 140;15.0643830; 1.577039700e+00; 1.00000;Alessi_31        ; 6117.62260000;Simbad;267.12175314872;-11.92626545718
267.19894215830;-11.76445462631;4163586312312984320; 1.51700765396366055e+01; 8.176592864676173633e+00; 1.39455653732340101e+00; 0.078712709690806792;-8.646774912103751820e-01; 0.124165347395785108;-3.799354655637976919e+00; 0.104434417542903279;                        ;                     ;  0.30758685000; -0.27961624000; -0.16022407000; -0.18840241000; -0.50976330000; -0.01039656100; -0.43021220000;-1.942079400e-01; 2.577788800e-01; 1.618858700e-01; 167;16.6245750; 1.840443600e+00; 0.80000;Alessi_31        ; 5264.96600000;Simbad;267.19894596110;-11.76443826798
267.40476990977;-11.69857368989;4163590469841542656; 1.53294859895591724e+01; 8.035002690013529403e+00; 1.42599435157457077e+00; 0.112843552683665554;-1.495657994405180879e+00; 0.199566070284629332;-4.311609863036234280e+00; 0.158309137307199199;                        ;                     ;  0.36891362000; -0.10999714600; -0.22074370000; -0.42382470000; -0.51262260000; -0.38356700000; -0.33897457000; 1.008881260e-01;-5.590623600e-02; 4.015849500e-02; 130;17.1217500; 2.038885000e+00; 0.80000;Alessi_31        ; 4458.99850000;Simbad;267.40477648601;-11.69855512602
267.48146887748;-11.69201058318;4163590641640472320; 1.53731009315326919e+01; 7.973207026688426957e+00; 1.49343331914909161e+00; 0.055910450967254596;-1.949048137137851855e+00; 0.094758359733058212;-3.701707701610758683e+00; 0.071431161368151960;                        ;                     ;  0.22125933000; -0.06976561000;  0.02424441000; -0.33387753000; -0.56869460000; -0.32623038000; -0.23646803000; 1.430025800e-01; 1.871161000e-02; 2.252377000e-02; 132;15.3605990; 1.827453600e+00; 0.90000;Alessi_31        ; 5586.07300000;Simbad;267.48147744703;-11.69199464527
267.30406618562;-11.74523009162;4163591294475276032; 1.52389000594798354e+01; 8.097093194371735692e+00; 1.41003730288388218e+00; 0.105184704491384340;-1.573096427781376816e+00; 0.157730554083899910;-3.910029711330951230e+00; 0.129574650816473652;                        ;                     ;  0.21163270000; -0.36662665000; -0.07024289000; -0.24278851000; -0.48785960000; -0.10253682000; -0.33404848000;-1.407004300e-01; 1.834735700e-01;-5.497726600e-03; 149;16.2071720; 1.958631500e+00; 0.80000;Alessi_31        ; 5450.97100000;Simbad;267.30407310352;-11.74521325677
267.40568193434;-11.66470310602;4163593802736174464; 1.53595711705544158e+01; 8.051146278651168942e+00; 1.38016577063558143e+00; 0.064630478713012168;-1.306665600898844204e+00; 0.104074794687542105;-4.438012084586035577e+00; 0.082966227059131620;                        ;                     ;  0.25110358000; -0.13325351000; -0.04795104300; -0.39788443000; -0.57924160000; -0.34301850000; -0.23934416000; 6.319544500e-02; 2.413659200e-02; 1.371458600e-02; 147;15.9890230; 1.762831700e+00; 0.90000;Alessi_31        ; 5751.51400000;Simbad;267.40568767890;-11.66468399792
267.43890016788;-11.63686273082;4163593974535106944; 1.54003388472397287e+01; 8.036860717806330712e+00; 1.34478786035346531e+00; 0.060941065846871853;-9.552853793681417294e-01; 0.100802595400031572;-4.233474926351670220e+00; 0.080103955687510525;                        ;                     ;  0.21757823000; -0.14919153000; -0.03209524600; -0.38782370000; -0.54358490000; -0.34908548000; -0.22001177000; 6.987336000e-02; 2.795030400e-03;-4.251279000e-02; 140;15.8335780; 1.799186700e+00; 0.80000;Alessi_31        ; 5717.27100000;Simbad;267.43890436723;-11.63684450336
267.31820976392;-11.64571204925;4163594455571237248; 1.53329573462748741e+01; 8.134845196972541714e+00; 1.52937274026690928e+00; 0.059124672007638233;-1.096127738498011928e+00; 0.100011545100002583;-4.231984381575498055e+00; 0.080118138441414702;                        ;                     ;  0.27889216000; -0.25486390000; -0.09957910000; -0.18067709000; -0.49600887000; -0.10608905600; -0.34637970000;-2.879801000e-02; 1.519921100e-01; 9.924508000e-02; 148;15.6934595; 1.826815600e+00; 1.00000;Alessi_31        ; 5764.26200000;Simbad;267.31821458255;-11.64569382820
267.32680042440;-11.61732689013;4163594863578344832; 1.53620419016144556e+01; 8.141741395395861502e+00; 1.34194940880688995e+00; 0.169018887880869689;-1.938309524337069156e+00; 0.306671812813243794;-4.161930052197846841e+00; 0.288215309613128523;                        ;                     ;  0.19326250000; -0.22127385000;  0.07223704500; -0.16873951000; -0.51855147000; -0.19118722000;  0.06798278500; 1.150527200e-01; 1.793729500e-02; 1.425978200e-01; 115;17.8298850; 2.155309700e+00; 0.70000;Alessi_31        ; 3963.72170000;Simbad;267.32680894444;-11.61730897071
267.17889335505;-11.59516392271;4163606305371280640; 1.53082499484961243e+01; 8.278297882417556153e+00; 1.62018858181577663e+00; 0.072585692338998670;-8.221176954923342661e-01; 0.123790589455996886;-4.101706297987941952e+00; 0.105418832834109077;                        ;                     ;  0.38116120000; -0.31694580000; -0.13426681000; -0.22941026000; -0.45220584000; -0.13836527000; -0.31039876000;-8.039807500e-02; 1.478982300e-01; 2.766575800e-01; 118;16.0147800; 1.790001900e+00; 1.00000;Alessi_31        ; 5531.73240000;Simbad;267.17889696846;-11.59514626259
267.17229878103;-11.58777988771;4163606378400509184; 1.53114453808000963e+01; 8.287585385591565768e+00; 1.57184815752084406e+00; 0.087788633885156578;-1.095562726817832955e+00; 0.174468296176407855;-3.736276442585320545e+00; 0.150855873524094575;                        ;                     ;  0.24105549000; -0.12491818000; -0.21019435000; -0.26779160000; -0.27490765000; -0.24382873000; -0.33096170000;-2.942030700e-02; 1.547921900e-01; 2.949246800e-01; 133;16.7422470; 1.952001600e+00; 0.80000;Alessi_31        ; 4933.64500000;Simbad;267.17230359618;-11.58776380096
267.17465670776;-11.57127511289;4163609367697751680; 1.53270553757669603e+01; 8.293841421531709557e+00; 1.48699015465273798e+00; 0.037105973753089092;-1.207926317048674481e+00; 0.076331173641985425;-3.987282058789951567e+00; 0.066156701904767648;                        ;                     ;  0.26451370000; -0.02483362300; -0.27526650000; -0.23812307000; -0.31715970000; -0.22277583000; -0.38091865000;-1.474505800e-02; 1.368091600e-01; 2.944597000e-01; 141;15.0367910; 1.581298800e+00; 1.00000;Alessi_31        ; 6029.94100000;Simbad;267.17466201644;-11.57125794543
267.62623321134;-11.61842240717;4163615346292829440; 1.55089005760410359e+01; 7.887032147411804139e+00; 1.48512504465480011e+00; 0.041395037631000227;-9.630197799106785528e-01; 0.076003848115710024;-4.301091410389221714e+00; 0.062994483528686043;                        ;                     ;  0.33383720000;  0.09620091000; -0.32045096000; -0.41318893000; -0.35572776000; -0.34941667000; -0.47337446000;-1.423464000e-01; 1.023494600e-01; 3.495824600e-01; 140;14.9310870; 1.755833600e+00; 1.00000;Alessi_31        ; 6417.48900000;Simbad;267.62623744441;-11.61840388858
267.66349864647;-11.60168934270;4163615415012293888; 1.55419105911471664e+01; 7.863724218476320971e+00; 1.44925700810656388e+00; 0.039832646323375354;-1.209666694310509438e+00; 0.074198410010149637;-4.227232182043426434e+00; 0.061366755066937215;                        ;                     ;  0.39275405000;  0.03415528700; -0.41113930000; -0.41426367000; -0.21782298000; -0.35116890000; -0.54986143000;-2.754021600e-01; 1.344505300e-01; 4.118987000e-01; 141;14.9155190; 1.909618400e+00; 1.00000;Alessi_31        ; 6576.59100000;Simbad;267.66350396339;-11.60167114212
267.62019952260;-11.52642190329;4163617201718774528; 1.55864536900915986e+01; 7.938007884409313597e+00; 1.56782866993259273e+00; 0.083950798833648879;-9.326779164405462064e-01; 0.120804779898556244;-3.985238360974881378e+00; 0.105512866810562184;                        ;                     ;  0.37834036000; -0.28110704000; -0.15031251000; -0.32658833000; -0.53372204000; -0.08890787000; -0.43246920000;-2.577201400e-01; 2.691872000e-01; 2.123523400e-01; 160;16.5706840; 2.039196000e+00; 1.00000;Alessi_31        ; 4867.59860000;Simbad;267.62020362095;-11.52640474463
267.58807946859;-11.46707573326;4163620706412140416; 1.56225701839957516e+01; 7.994870306138057714e+00; 1.33285649333531686e+00; 0.118568926249248072;-1.231905908930128968e+00; 0.153870663249793815;-4.042684867917582636e+00; 0.139505383940431715;                        ;                     ;  0.18734114000; -0.11546882000; -0.22893523000; -0.17144296000; -0.66450670000;  0.16015981000; -0.50979130000;-3.890927000e-01; 4.039112300e-01; 5.061592500e-02; 141;16.6597920; 2.116440800e+00; 0.70000;Alessi_31        ; 4836.85940000;Simbad;267.58808488066;-11.46705832725
267.80693573624;-11.40934541481;4163625688574115712; 1.57809374652294476e+01; 7.837572197086074333e+00; 1.47821065323386680e+00; 0.227878898812557129;-1.131112290690230671e+00; 0.302767922144844770;-3.664344736069150787e+00; 0.317878412975579117;                        ;                     ;  0.15020344000; -0.07590059000; -0.02683066800; -0.09913019000; -0.46059093000; -0.01072775300; -0.32402160000;-1.603666700e-01; 5.398232300e-01; 3.755564000e-01; 127;17.8201480; 2.356844000e+00; 0.80000;Alessi_31        ; 3957.69290000;Simbad;267.80694070448;-11.40932963777
267.39233149809;-11.49394307102;4163631495370322432; 1.55024167635228007e+01; 8.147739393625995419e+00; 1.45093731602079656e+00; 0.026991717420174970;-1.233170231453008636e+00; 0.048280263046179522;-4.292474222781315518e+00; 0.039425959191174247;                        ;                     ;  0.20018454000; -0.03698838000; -0.14595866000; -0.26838124000; -0.43422285000; -0.23207280000; -0.36205965000;-2.709407200e-02; 1.429749300e-01; 1.657874100e-01; 155;13.4175000; 1.456402800e+00; 1.00000;Alessi_31        ; 7838.43160000;Simbad;267.39233691623;-11.49392458953
267.40215459626;-11.47762628498;4163631598449541376; 1.55215536839708292e+01; 8.147542236036285246e+00; 1.68640763555211404e+00; 0.067908716669411839;-1.278913285425056667e+00; 0.124972466695849938;-4.262410615176031037e+00; 0.099975907614976614;                        ;                     ;  0.18870527000; -0.11398731000; -0.09296843000; -0.27017176000; -0.39052492000; -0.24406818000; -0.33022517000;-8.230871500e-03; 1.322085100e-01; 1.291588800e-01; 158;16.1658120; 2.143972400e+00; 0.80000;Alessi_31        ; 5071.40400000;Simbad;267.40216021506;-11.47760793294
267.42677447522;-11.46883039512;4163633105963852672; 1.55414169760376311e+01; 8.131023081236545380e+00; 1.43696245516922350e+00; 0.182949147544849033;-1.589095607396806775e+00; 0.285156762651569362;-3.981361884178827637e+00; 0.270750689740252792;                        ;                     ;  0.49940035000; -0.46800122000;  0.15094484000; -0.04156093000; -0.62935270000;  0.07798347600;  0.06287060000;-1.507012200e-01; 2.886874600e-02; 3.790912000e-01; 120;17.8126160; 2.450174300e+00; 0.70000;Alessi_31        ; 3910.37770000;Simbad;267.42678145656;-11.46881325314
267.47994635065;-11.39980262181;4163633866192030592; 1.56281107923637155e+01; 8.120285136412912053e+00; 1.37930991934882097e+00; 0.048540996103568143;-1.155185374905240758e+00; 0.072223740287645360;-4.218657695730313684e+00; 0.059104790590494775;                        ;                     ;  0.21754001000; -0.14022537000; -0.06175470400; -0.23891830000; -0.58173710000; -0.10597786000; -0.37599460000;-1.301405900e-01; 2.555305000e-01; 1.488687000e-01; 147;15.1402770; 1.884320300e+00; 0.80000;Alessi_31        ; 6272.49100000;Simbad;267.47995142446;-11.39978445815
267.30867171239;-11.26628046672;4163686470953009792; 1.56603879061305165e+01; 8.332440377854601010e+00; 1.66444510775726462e+00; 0.085852210911943644;-1.329041977073557979e+00; 0.160662111294089638;-3.980872078627096133e+00; 0.143286755907261365;                        ;                     ;  0.32429683000; -0.02751896000; -0.26180077000; -0.29558933000; -0.33990893000; -0.24111873000; -0.38815057000;-1.364990300e-01; 2.357554400e-01; 4.421607600e-01; 147;16.8911290; 2.249566000e+00; 0.90000;Alessi_31        ; 4325.88430000;Simbad;267.30867754709;-11.26626332685
267.39537236475;-11.14627994592;4163694025784175232; 1.58083755763315832e+01; 8.318582811255163634e+00; 1.63858832417869560e+00; 0.105553318517262851;-1.156666307841288877e+00; 0.202763303515566845;-3.979439845357293670e+00; 0.160575565808521253;                        ;                     ;  0.42645700000;  0.01355988900; -0.46336320000; -0.51618350000; -0.17698568000; -0.42418120000; -0.56466925000;-3.511664000e-01; 7.459691000e-02; 4.392951400e-01; 151;16.9539720; 2.240920000e+00; 1.00000;Alessi_31        ; 3912.70340000;Simbad;267.39537744059;-11.14626281222
267.36521179835;-11.04687326481;4163699321495210880; 1.58805656122191312e+01; 8.393791289928740795e+00; 1.42288401293486833e+00; 0.141183085258830637;-1.336802321315837094e+00; 0.155704322512467769;-4.218607472259698454e+00; 0.128682139370417448;                        ;                     ;  0.30775955000; -0.39677662000;  0.06341321000; -0.44754413000; -0.59075505000;  0.07315203000; -0.52532630000;-5.347495000e-01; 4.965528200e-01;-2.430861300e-02; 128;16.6180730; 2.285306000e+00; 0.80000;Alessi_31        ; 3643.59000000;Simbad;267.36521766269;-11.04685510136
267.80316233960;-11.15017386613;4163738491591083520; 1.60061164311471060e+01; 7.969620631430275104e+00; 1.57634148306891442e+00; 0.045318613475940295;-1.385437438295896939e+00; 0.060937952115009394;-4.025174486103796134e+00; 0.053021787439677039;                        ;                     ;  0.16874425000; -0.08064898000; -0.28867680000; -0.12113137000; -0.64238610000;  0.18698354000; -0.60305560000;-4.028906500e-01; 4.263575700e-01;-4.615178300e-03; 132;13.7405230; 1.511678700e+00; 1.00000;Alessi_31        ; 8853.07900000;Simbad;267.80316841944;-11.15015653552
267.67911802689;-11.00194039353;4163744779423462912; 1.60749258172274843e+01; 8.148926493828506423e+00; 1.56308394118779637e+00; 0.064786124411237406;-1.357254031697220364e+00; 0.112578649328739719;-3.718119374430693735e+00; 0.092379180360906005;                        ;                     ;  0.20724599000; -0.01339496800; -0.32818943000; -0.22335180000; -0.37077743000; -0.13348396000; -0.50462204000;-2.410424200e-01; 2.557884200e-01; 2.592499000e-01; 150;16.0957100; 1.990956300e+00; 0.90000;Alessi_31        ; 5279.80200000;Simbad;267.67912398004;-11.00192438496
267.81080022266;-10.83335725059;4163800369175529600; 1.62876048879006099e+01; 8.120435829450565635e+00; 1.51751231416248533e+00; 0.158560764980503754;-1.112877838574400036e+00; 0.369568190532107099;-4.196738199486169663e+00; 0.357982925151565490;                        ;                     ;  0.55452630000;  0.06861828000; -0.41877750000; -0.49685800000; -0.13051997000; -0.48180710000; -0.44167525000;-1.208286360e-01; 1.404386500e-01; 6.777071000e-01; 122;17.8476580; 2.284507800e+00; 0.90000;Alessi_31        ; 3916.19970000;Simbad;267.81080510116;-10.83333918130

