RA_ICRS;DE_ICRS;GaiaDR2;GLON;GLAT;Plx;e_Plx;pmRA*;e_pmRA*;pmDE;e_pmDE;RV;e_RV;RADEcor;RAPlxcor;RApmRAcor;RApmDEcor;DEPlxcor;DEpmRAcor;DEpmDEcor;PlxpmRAcor;PlxpmDEcor;pmRApmDEcor;o_Gmag;Gmag;BP-RP;proba;Cluster;Teff50;Simbad;_RA.icrs;_DE.icrs
135.05479367580;-43.45128887702;5331932453217842560; 2.65007448846531815e+02; 1.756210513531186956e+00; 1.05729404685906836e+00; 0.034309786167076695;-5.576319908908679679e+00; 0.057606649867319247; 5.402145518787459189e+00; 0.062737246594145632;                        ;                     ;  0.06233596800; -0.19075176000; -0.33316540000;  0.06045655000;  0.14849590000;  0.09650715400; -0.43213970000; 1.766984200e-01;-1.999057600e-02; 1.160070450e-01; 230;10.7837290; 4.985904700e-01; 0.90000;BH_56            ;11528.27300000;Simbad;135.05482674813;-43.45131213626
134.40416066881;-43.67140955743;5331997496198857472; 2.64865260348763002e+02; 1.255676815974495097e+00; 1.13694374960215860e+00; 0.037632938000722038;-5.369696781655215467e+00; 0.069261594841549493; 5.356963620505370116e+00; 0.060218032874680208;                        ;                     ;  0.17100914000;  0.11482325000; -0.52330124000; -0.10742945000;  0.43320036000; -0.10367486000; -0.22373988000;-6.129484600e-02;-7.446658600e-02; 1.772811900e-01; 270;15.7730990; 1.260360700e+00; 0.90000;BH_56            ; 5219.01270000;Simbad;134.40419263225;-43.67143262213
134.28066841475;-43.51411037604;5332014362532004736; 2.64687583921126532e+02; 1.290162471113197817e+00; 1.05897012815689839e+00; 0.027860840432238194;-5.418581311760797270e+00; 0.046149634527359512; 5.562900405578082186e+00; 0.042589095072766314;                        ;                     ; -0.00945065400; -0.12179791000; -0.03677124000;  0.06483616000;  0.34759086000;  0.13545485000; -0.20463558000; 2.044102400e-01;-1.862870700e-02; 3.089361300e-02; 280;10.6299370; 3.974208800e-01; 0.90000;BH_56            ; 7680.45460000;Simbad;134.28070058498;-43.51413432742
134.91965273867;-43.39123004404;5332028351243878528; 2.64897640536468657e+02; 1.721644586006974009e+00; 1.11780211090499559e+00; 0.031951638433835396;-5.603568340740590514e+00; 0.057644388807508676; 5.183136172617297532e+00; 0.060296048814360348;                        ;                     ;  0.00821378900; -0.07009315500; -0.35907063000;  0.07060322000;  0.30759287000;  0.08535512000; -0.50250006000; 5.611549000e-02;-1.690888900e-01; 1.537828900e-01; 246;15.3198240; 1.596180000e+00; 0.80000;BH_56            ; 5919.27300000;Simbad;134.91968593965;-43.39125236031
134.86139630559;-43.33475225491;5332031684138632320; 2.64827196925495798e+02; 1.726718891593561400e+00; 1.08540144530867089e+00; 0.019742535082015424;-5.325772462143102182e+00; 0.039207407672290140; 5.539702174158261272e+00; 0.032545832546826844;                        ;                     ;  0.25215828000; -0.14407533000; -0.52458640000; -0.21576980000;  0.22071886000; -0.17729464000; -0.49413530000; 1.486254000e-01;-7.932158600e-02; 3.719476200e-01; 217;13.1614650; 8.737478000e-01; 0.90000;BH_56            ; 6460.41900000;Simbad;134.86142783128;-43.33477610640
134.58574921927;-43.37879750022;5332036494498758272; 2.64729314224921950e+02; 1.546343386040567758e+00; 1.11278482905729925e+00; 0.101750323031403536;-5.484793862996087732e+00; 0.182241020942450677; 5.121651328089081190e+00; 0.156269873517290186;                        ;                     ;  0.09261443500; -0.04365815200; -0.08497748500;  0.18157707000;  0.25286895000;  0.25309157000; -0.13918032000; 2.223213000e-01;-8.037214000e-02; 1.215847000e-01; 297;17.6067520; 2.330808600e+00; 0.70000;BH_56            ; 5164.98200000;Simbad;134.58578170985;-43.37881955177
134.58567806814;-43.37948484106;5332036494501572992; 2.64729801132429373e+02; 1.545855323050432384e+00; 1.13295330360839519e+00; 0.023581966537644182;-5.481457160715614840e+00; 0.041515513945881641; 5.129418592777241770e+00; 0.036417943291805241;                        ;                     ;  0.10254587000; -0.04172986700; -0.08216925000;  0.14880103000;  0.26414200000;  0.20928036000; -0.15929640000; 1.818279300e-01;-5.481675300e-02; 1.247497050e-01; 296;14.9010830; 1.512172700e+00; 0.80000;BH_56            ; 5183.84770000;Simbad;134.58571053932;-43.37950692605
134.42651238492;-43.27924431414;5332041407944470528; 2.64578243373146904e+02; 1.523494877183329432e+00; 1.11787848485938501e+00; 0.023853362073643074;-5.539979330993732631e+00; 0.040869574752253737; 5.242183746770560759e+00; 0.039404717427880501;                        ;                     ;  0.07255715000; -0.10892735400; -0.29136583000;  0.05718891000;  0.28928927000;  0.10454610000; -0.26848042000; 1.177028940e-01;-9.213612000e-02; 1.733929000e-01; 248;14.6294790; 1.335508300e+00; 0.80000;BH_56            ; 5419.77200000;Simbad;134.42654514866;-43.27926688464
134.45399044115;-43.21454786367;5332042022123062144; 2.64542204659642891e+02; 1.580839488835192652e+00; 1.03848729931853700e+00; 0.041679984521804742;-5.410023098514493256e+00; 0.072930373396175738; 5.526892527802620414e+00; 0.067560370095639116;                        ;                     ;  0.11106087000; -0.15078199000; -0.38456145000;  0.02043061000;  0.24835768000;  0.07108760000; -0.10892331000; 2.108047900e-01;-1.862350300e-01; 1.726379700e-01; 273;16.1385750; 1.235441200e+00; 0.80000;BH_56            ;              ;Simbad;134.45402240236;-43.21457166001
134.45237895978;-43.22311605394;5332042026419442688; 2.64547939172914994e+02; 1.574363897702744985e+00; 1.03917173896385795e+00; 0.067218150546721520;-5.503305041858517654e+00; 0.104873733378107625; 5.256969911792570116e+00; 0.097844639516294976;                        ;                     ;  0.04960828300; -0.16397363000; -0.37229243000;  0.10467404000;  0.32988910000;  0.19821218000; -0.12505923000; 3.351583500e-01;-1.096985800e-01; 5.408093700e-02; 267;16.9249880; 2.216542200e+00; 0.80000;BH_56            ; 5233.51370000;Simbad;134.45241147665;-43.22313868811
134.74778877401;-43.28133084904;5332044294162130816; 2.64732635728531079e+02; 1.699254998555830287e+00; 1.12643287683110715e+00; 0.026923577128686895;-5.393875087447327132e+00; 0.045250668729784504; 5.151870247770153455e+00; 0.050162627731152078;                        ;                     ; -0.10808003000; -0.17245185000; -0.29533830000;  0.20758572000;  0.07694441000;  0.21446837000; -0.36021522000; 8.538634000e-02;-1.236480900e-01;-2.410768300e-02; 263;12.4402510; 4.383039500e-01; 0.90000;BH_56            ; 7748.27900000;Simbad;134.74782067478;-43.28135303070
134.66417091377;-43.23438413543;5332045428033502208; 2.64657257783104228e+02; 1.683907373610683544e+00; 1.00687007293641484e+00; 0.088262461435460154;-5.464603064367320684e+00; 0.144812943023792551; 5.236209657678287499e+00; 0.148648478280437840;                        ;                     ; -0.05496766800; -0.21372743000; -0.13752222000;  0.19592500000;  0.17332205000;  0.22478513000; -0.10536263000; 1.043856800e-01;-6.413156000e-02;-1.146755300e-02; 243;17.2949490; 2.827749300e+00; 0.90000;BH_56            ;              ;Simbad;134.66420320793;-43.23440668022
134.55643613912;-43.25039574832;5332046664984109312; 2.64618093685339261e+02; 1.614028674570595845e+00; 1.18008877957738645e+00; 0.064567586347057310;-5.689731708532329790e+00; 0.108410640554317483; 5.275179454633232012e+00; 0.105462893718800119;                        ;                     ;  0.01359073600; -0.00883131400; -0.08104285000;  0.23971680000;  0.25720116000;  0.31152493000; -0.19173555000; 2.366570700e-01;-8.909925000e-02; 7.625762400e-02; 251;16.8628880; 2.010927200e+00; 0.80000;BH_56            ; 5064.52640000;Simbad;134.55646977256;-43.25041846089
134.60022983673;-43.19319660356;5332047416601869696; 2.64595602137969081e+02; 1.675548730955686683e+00; 1.01773950043391204e+00; 0.031612295872477970;-5.321950282988296088e+00; 0.049534257453055418; 5.495138117977754533e+00; 0.048455132651851716;                        ;                     ; -0.05262495000; -0.16192612000; -0.39807042000;  0.09045455600;  0.22497629000;  0.15544145000; -0.33793643000; 3.225904000e-01;-4.770755800e-02; 2.088859300e-02; 263;11.5808830; 2.467155500e-01; 0.90000;BH_56            ; 7835.57570000;Simbad;134.60026126663;-43.19322026318
134.48499584479;-43.22955609808;5332047622760407808; 2.64568325146673715e+02; 1.588185816359731994e+00; 1.13388158171005848e+00; 0.036013559979184519;-5.702562364924195215e+00; 0.057730610718454090; 5.377090379225888839e+00; 0.055100823816675207;                        ;                     ; -0.02290460000; -0.17092213000; -0.35348216000;  0.07362928000;  0.31312975000;  0.15452397000; -0.18072039000; 2.598319000e-01;-1.415535600e-02; 1.442393500e-02; 292;15.8264050; 1.483426100e+00; 1.00000;BH_56            ; 5505.33840000;Simbad;134.48502954255;-43.22957924943
134.53162509029;-43.20305103337;5332047730135993728; 2.64570404892801321e+02; 1.631232122739125545e+00; 1.06852609679515020e+00; 0.039127722257475434;-5.635095114829305807e+00; 0.064609840518327050; 5.228681426517071351e+00; 0.059609270409876472;                        ;                     ; -0.01170699500; -0.16080594000; -0.34839050000;  0.10994249600;  0.26160935000;  0.18633743000; -0.22322656000; 3.004466000e-01;-8.710386600e-02; 3.914429600e-02; 304;15.9706330; 2.113283200e+00; 1.00000;BH_56            ; 5039.11960000;Simbad;134.53165837490;-43.20307354575
134.53544207822;-43.14853458239;5332048417330747776; 2.64530895782950665e+02; 1.668916552893643823e+00; 1.01802382807738434e+00; 0.065896327860597112;-5.428873685863615961e+00; 0.107014789128970333; 5.332215932003453673e+00; 0.098543754987765450;                        ;                     ; -0.04727881800; -0.15530911000; -0.19235708000;  0.12286651000;  0.29185980000;  0.20418319000; -0.21903299000; 3.179074000e-01;-9.938181000e-02; 6.803412000e-02; 275;16.9532500; 1.917636900e+00; 0.70000;BH_56            ; 5018.33400000;Simbad;134.53547411613;-43.14855754054
134.52862659094;-43.14333318737;5332048486050224896; 2.64523706485772152e+02; 1.668542573649972161e+00; 1.12557046481176148e+00; 0.042373131749638242;-5.432843356684482927e+00; 0.061844609277609097; 5.295647540523241048e+00; 0.056608906301161437;                        ;                     ;  0.01613009200; -0.08035193000; -0.27720016000;  0.03519709800;  0.41668060000;  0.20675883000; -0.28069180000; 4.172836200e-01;-1.292029000e-01; 8.389453000e-02; 272;15.9933150; 1.831939700e+00; 1.00000;BH_56            ;              ;Simbad;134.52865864956;-43.14335598807
134.52651374624;-43.14387761474;5332048486050225024; 2.64523112898190789e+02; 1.667019108292718821e+00; 1.02136432635870356e+00; 0.057593088819382618;-5.496599980551649445e+00; 0.089240197283638814; 5.264776457636964224e+00; 0.085948513086820444;                        ;                     ; -0.02331198000; -0.04428222800; -0.26587410000;  0.05442373500;  0.35189685000;  0.18079388000; -0.20864733000; 3.201844000e-01;-1.677191300e-01; 7.568879400e-02; 271;16.6804800; 2.147516300e+00; 0.70000;BH_56            ;              ;Simbad;134.52654618136;-43.14390028253
133.91126944824;-43.68219738972;5332052536201336448; 2.64641994752922528e+02; 9.775277257928141061e-01; 1.07787414604153797e+00; 0.026900666587194234;-5.720026155544020163e+00; 0.044638823777130680; 5.466761028180041393e+00; 0.041566192378613982;  18.6725060710906269890;  3.03850766246050075; -0.09479392000; -0.07411540000; -0.35463148000;  0.10668867000;  0.28552958000;  0.18598413000; -0.39087680000; 3.121910400e-01;-1.071440600e-02;-1.415604100e-02; 273;12.5079240; 9.740438500e-01; 1.00000;BH_56            ;              ;Simbad;133.91130350316;-43.68222092716
134.18842652372;-43.43091329064;5332062298665217536; 2.64580820715615801e+02; 1.293352133769193113e+00; 1.06057747891146192e+00; 0.024827264591779072;-5.665073280686817370e+00; 0.042391320621511144; 5.270100260841579676e+00; 0.039049082506665271;                        ;                     ; -0.04298743600; -0.15879846000;  0.00559330170;  0.08323862000;  0.30248627000;  0.10934609000; -0.23841299000; 1.230568400e-01;-6.410076000e-02; 2.011918800e-02; 288;12.4971895; 5.001507000e-01; 0.90000;BH_56            ; 7396.20200000;Simbad;134.18846011112;-43.43093598135
134.04932045340;-43.36522515687;5332065116163786752; 2.64465229988041585e+02; 1.259054557125047324e+00; 1.05752490519440201e+00; 0.028433740712166620;-5.470118583191259987e+00; 0.047882007020538526; 5.344217071239006245e+00; 0.047010368784864420;                        ;                     ;  0.08709897000; -0.18065830000; -0.23477945000; -0.02673407800;  0.31770238000;  0.01097877100; -0.29125383000; 1.375287500e-01;-4.559388000e-02; 1.716775400e-01; 243;11.9750760; 4.069795600e-01; 1.00000;BH_56            ; 8026.61040000;Simbad;134.04935284980;-43.36524816669
134.11432685699;-43.31261946497;5332067074668833664; 2.64455837299383234e+02; 1.329158340403223226e+00; 1.09524056199449471e+00; 0.027609632237779045;-5.612279713744909415e+00; 0.050685664592368417; 5.442744521804474545e+00; 0.044711337423735308;                        ;                     ;  0.10544991000; -0.00566267550; -0.31810430000; -0.03914442300;  0.36739707000; -0.06466333000; -0.28668773000;-9.150559500e-02;-8.167952000e-03; 1.109842200e-01; 246;12.9075470; 6.698904000e-01; 1.00000;BH_56            ; 7360.29500000;Simbad;134.11436006655;-43.31264289901
133.78624773520;-43.46660797199;5332070987385762304; 2.64418909253680226e+02; 1.047749731318894373e+00; 1.08941881064314172e+00; 0.036904749262937499;-5.678788545290522904e+00; 0.059934864773180538; 5.607879906388566482e+00; 0.057830243948704341;                        ;                     ; -0.02472076800; -0.13183069000; -0.15366593000;  0.08320485000;  0.33298570000;  0.12938840000; -0.47673196000; 2.067537300e-01;-2.646057700e-02; 1.038220750e-01; 244; 8.2765430; 2.602548600e-01; 0.80000;BH_56            ; 5244.93850000;Simbad;133.78628142379;-43.46663211702
133.78558897231;-43.46628923874;5332070991676680448; 2.64418357058782817e+02; 1.047590458806381353e+00; 1.01690268523564353e+00; 0.056485476471193063;-5.609601243782298852e+00; 0.089011628699754583; 5.276641597908499293e+00; 0.082572203371326328;                        ;                     ;  0.27752270000;  0.16831093000; -0.17046463000; -0.06225565400;  0.52638740000;  0.08428935000; -0.49977413000; 2.159029800e-01;-1.479989600e-01; 2.326712300e-01; 200; 9.4057880; 1.553421000e-01; 0.80000;BH_56            ;11795.97500000;Simbad;133.78562225028;-43.46631195761
134.29076784273;-43.36246268160;5332086247403050112; 2.64577124151561350e+02; 1.394355267870105441e+00; 1.06978042264530093e+00; 0.036900254123621627;-5.264045787458711878e+00; 0.054639903011841663; 5.284884574731069762e+00; 0.064152691526367753;                        ;                     ; -0.04322448000; -0.19566324000; -0.07740097000;  0.03612025500;  0.43915376000;  0.05559608300; -0.00798297500; 6.035470600e-02;-1.228881500e-02; 5.996284000e-03; 219;11.7993580; 5.428123500e-01; 1.00000;BH_56            ;              ;Simbad;134.29079901725;-43.36248543596
134.28658674900;-43.30593887408;5332086934597556736; 2.64532194740558680e+02; 1.428804689488714308e+00; 1.13002645390295076e+00; 0.017607321889397284;-5.300653185951619939e+00; 0.030946548400228750; 5.283345166875522025e+00; 0.028033826053112249;                        ;                     ;  0.10276580000; -0.05743626000; -0.13542077000;  0.07654593000;  0.27996780000;  0.13294217000; -0.11551180000; 1.906042800e-01; 3.309374300e-02; 1.010309100e-01; 275;13.6117190; 1.040809600e+00; 0.90000;BH_56            ; 6384.93800000;Simbad;134.28661811112;-43.30596162181
134.29496345730;-43.29771894709;5332086968957288704; 2.64529914523507330e+02; 1.438781371885994975e+00; 1.22694621329766229e+00; 0.076711245956595231;-5.839590706601692105e+00; 0.147488370661923329; 5.598370749491364151e+00; 0.128006508816439352;                        ;                     ;  0.00709575800; -0.09746823500; -0.10536317500;  0.10090534000;  0.12708017000;  0.14375415000; -0.30945194000; 1.395060300e-01; 8.379530000e-02; 2.106812000e-02; 267;17.2182880; 2.562995000e+00; 0.80000;BH_56            ; 3506.79500000;Simbad;134.29499800345;-43.29774305118
134.23805528733;-43.30459884508;5332087342617134464; 2.64508210151634557e+02; 1.402840026007487806e+00; 1.06872309099544127e+00; 0.110040893868517231;-5.652806648978077497e+00; 0.197347003656635933; 5.604299122976170722e+00; 0.166620026699103391;                        ;                     ; -0.03747284800; -0.23209997000; -0.25694364000;  0.04263598000;  0.32690024000;  0.06127082600; -0.26971713000; 8.091317000e-02;-5.821428400e-02; 1.119095200e-01; 274;17.9104370; 2.497314500e+00; 0.70000;BH_56            ; 3960.69480000;Simbad;134.23808873228;-43.30462297470
134.26188454953;-43.28378744324;5332087759231277696; 2.64503666006930814e+02; 1.429547519166966874e+00; 1.14486754188265460e+00; 0.042585159694519231;-5.725440435298544628e+00; 0.090092850649811790; 5.351063647972042148e+00; 0.067950780956545428;                        ;                     ;  0.01867000800; -0.10759017600; -0.25503805000;  0.07068413500;  0.27369043000;  0.06872946000; -0.28887647000;-7.101643000e-02;-7.731952000e-02; 1.219973900e-01; 263;16.1546060; 1.687740300e+00; 1.00000;BH_56            ; 5339.74000000;Simbad;134.26191841263;-43.28381048253
134.29256873347;-43.27070683813;5332087827950740864; 2.64508255049501372e+02; 1.455025118811025919e+00; 9.93244812476555716e-01; 0.023852827123511444;-5.771410535789152085e+00; 0.043623555535006159; 5.455912116867927431e+00; 0.037675881219111113;                        ;                     ;  0.24196881000; -0.27521515000; -0.53018950000; -0.18939254000;  0.19485083000; -0.06653163000; -0.46568380000; 2.847344000e-01; 1.925903000e-01; 2.316118500e-01; 207;13.5614210; 8.647814000e-01; 0.90000;BH_56            ; 6558.23630000;Simbad;134.29260286112;-43.27073032886
134.28616114621;-43.25668181040;5332087896667463296; 2.64494561988259477e+02; 1.460601395916687473e+00; 1.11224307535810985e+00; 0.019051846405492335;-5.938253236353117970e+00; 0.036202958953780132; 5.764881586483706855e+00; 0.034880173235388841;                        ;                     ;  0.07109936000; -0.07231463000; -0.39777923000; -0.00619778970;  0.21539600000;  0.02715188300; -0.30799264000; 1.100074950e-01; 1.351604600e-02; 1.152540700e-01; 266;14.2804660; 9.834308600e-01; 0.70000;BH_56            ; 6369.12550000;Simbad;134.28619625235;-43.25670663141
134.26835925858;-43.25773741002;5332087999749435392; 2.64486931598482670e+02; 1.450064975383717147e+00; 1.08440464107512557e+00; 0.042184568186809560;-5.718097542865958616e+00; 0.076329522415909720; 5.380322016173609612e+00; 0.070206257581598985;                        ;                     ; -0.00436764100; -0.07764286500; -0.33740630000;  0.05259270600;  0.30507275000;  0.09338944000; -0.31192060000; 1.155172800e-01;-4.453700000e-02; 6.067536000e-02; 282;16.2869050; 1.758780500e+00; 1.00000;BH_56            ; 5938.58450000;Simbad;134.26839306378;-43.25776057529
134.26651043942;-43.26294870494;5332087999749437056; 2.64490016947459480e+02; 1.445653957336103357e+00; 1.00487928499098911e+00; 0.033250358512942613;-5.327013076698025706e+00; 0.058708438919013652; 5.519374125767104289e+00; 0.049538755213254543;                        ;                     ;  0.14157699000; -0.00991230000; -0.29157552000; -0.04651866000;  0.37534618000;  0.01723446900; -0.29360420000; 1.431032000e-01; 1.437602600e-03; 1.497574300e-01; 309; 8.9539440; 5.562210000e-02; 0.80000;BH_56            ;10586.65300000;Simbad;134.26654193523;-43.26297246891
134.28223978875;-43.24422694898;5332088102825886720; 2.64483239056843615e+02; 1.466530663010759294e+00; 1.04839023151010613e+00; 0.042013941046724505;-5.604841759146015789e+00; 0.066196563663245250; 5.318899850454574363e+00; 0.075859292742435039;                        ;                     ;  0.05288986500;  0.06759782000; -0.29578727000;  0.07056736000;  0.38468090000;  0.09106443000; -0.11051094500; 9.772416000e-02; 1.226595700e-01;-5.950166000e-03; 283;10.0534500; 2.370014200e-01; 0.90000;BH_56            ; 8374.92400000;Simbad;134.28227291703;-43.24424984980
134.27794746300;-43.23088812713;5332088205907854336; 2.64471067794915939e+02; 1.472828313747092999e+00; 9.85398152606296707e-01; 0.028614780188925520;-5.691651764061822050e+00; 0.056482009707840813; 5.324408432214012166e+00; 0.048557826480022964;                        ;                     ;  0.06579397000; -0.09878945000;  0.03721894700;  0.05639137300;  0.33875810000;  0.01655325000; -0.36087460000;-1.351160700e-02;-8.599745500e-02; 2.197989500e-01; 281;11.2640580; 3.463525800e-01; 0.90000;BH_56            ; 6941.47950000;Simbad;134.27798109702;-43.23091105166
134.39353349920;-43.24620528401;5332088480785733376; 2.64537517359350204e+02; 1.526797142156111509e+00; 9.95515748431760383e-01; 0.073018509134256837;-5.838920968321600569e+00; 0.121766658182649007; 5.248735508418596041e+00; 0.131240654333061979;                        ;                     ; -0.11171230000; -0.23052300000; -0.42794836000;  0.18558033000; -0.00532929000;  0.21265884000; -0.48756322000; 3.054132800e-01; 7.929235000e-02;-3.278679400e-02; 233;17.0223500; 2.160196300e+00; 0.80000;BH_56            ; 5161.71400000;Simbad;134.39356801217;-43.24622788273
134.42295403007;-43.23465397627;5332088824383108224; 2.64542716576230532e+02; 1.550583047267998671e+00; 1.03286143099134797e+00; 0.092935745583744622;-5.533994714994987518e+00; 0.154705964490259668; 5.436674818059863412e+00; 0.136642437233430308;                        ;                     ;  0.09598106000; -0.18922774000; -0.40858090000;  0.09774035000;  0.22812189000;  0.16074573000; -0.16222820000; 3.635691700e-01;-9.245285000e-02; 6.463721400e-02; 268;17.5939900; 2.598552700e+00; 0.90000;BH_56            ;              ;Simbad;134.42298673446;-43.23467738417
134.43618541737;-43.19817543415;5332089026245033472; 2.64521320924330382e+02; 1.581667338443233817e+00; 1.04772317237977286e+00; 0.029121193996589217;-5.327819967730716755e+00; 0.046082760217008127; 5.223524549463638422e+00; 0.045524210970372937;                        ;                     ;  0.04796089200; -0.07585604500; -0.42002434000;  0.02481111300;  0.35303930000;  0.12325887000; -0.23396150000; 2.486801000e-01;-1.376825600e-01; 1.058329100e-01; 276;10.8131890; 2.517566700e-01; 0.90000;BH_56            ; 8069.30570000;Simbad;134.43621688450;-43.19819792432
134.43847957366;-43.19181562489;5332089030541526144; 2.64517585532271767e+02; 1.587080466937503820e+00; 1.12384624509857578e+00; 0.033705129704486719;-5.597788810634840573e+00; 0.055031982779717360; 5.818203875326734220e+00; 0.053217204484075652;                        ;                     ;  0.05803993700; -0.00892284300; -0.35707292000;  0.02065692000;  0.33333278000;  0.11830982000; -0.26032525000; 2.341617300e-01;-1.183939350e-01; 1.230375700e-01; 259;11.1209820; 1.663703900e-01; 1.00000;BH_56            ; 8145.61700000;Simbad;134.43851263183;-43.19184067549
134.41505531069;-43.16916806055;5332089301122939520; 2.64489265010903466e+02; 1.588879664990427321e+00; 1.02461271865523140e+00; 0.030245140339063867;-5.408345103357839356e+00; 0.058641120434657974; 5.419652839465759264e+00; 0.053332513258074019;                        ;                     ;  0.09383035000; -0.02754999900; -0.23800083000;  0.09972379000;  0.25854674000;  0.15802167000; -0.04982642000;-7.751708000e-03;-2.586990600e-01; 2.555276800e-01; 258;11.9738900; 5.195694000e-01; 0.80000;BH_56            ; 5671.18000000;Simbad;134.41508723824;-43.16919139517
134.40205772053;-43.17038347618;5332089305419435520; 2.64484010174356683e+02; 1.580895524726531942e+00; 1.12380173603323286e+00; 0.035318329160328232;-5.392317548433234187e+00; 0.062018445440375096; 5.280244967941541745e+00; 0.058473250571174189;                        ;                     ;  0.10217159000; -0.01864215400; -0.34134385000;  0.00165192500;  0.34568793000;  0.06771924000; -0.21784739000; 1.014916400e-01;-2.033118200e-01; 1.985576700e-01; 272;15.7817955; 1.794510800e+00; 1.00000;BH_56            ; 5752.35100000;Simbad;134.40208955409;-43.17040621056
134.32565723534;-43.21694574400;5332089442858415104; 2.64483094191465000e+02; 1.508303362983514306e+00; 1.09570528522251931e+00; 0.014960016130347496;-5.535596897254722926e+00; 0.025081788338635207; 5.393487553340714946e+00; 0.025123276786872924;                        ;                     ;  0.08001798400;  0.00442247800; -0.38492260000;  0.01555894500;  0.33287057000;  0.08634205000; -0.30042010000; 1.721773900e-01;-6.082172700e-02; 1.189471200e-01; 303;13.1274460; 9.770307500e-01; 1.00000;BH_56            ; 6639.06100000;Simbad;134.32568993969;-43.21696896595
134.39585871717;-43.14313941380;5332090130053152640; 2.64460382737329155e+02; 1.595208494934532206e+00; 1.15738878949478963e+00; 0.071195432212786111;-5.337303288321907146e+00; 0.098838568472536359; 5.117302632622543257e+00; 0.109943032006649802;                        ;                     ;  0.06397475000; -0.02247397600; -0.39593104000; -0.02717145700;  0.54805106000;  0.09894717500; -0.34285864000; 2.020995200e-01;-1.906552800e-01; 1.190486500e-01; 241;16.7094750; 1.906626700e+00; 1.00000;BH_56            ; 5164.57230000;Simbad;134.39589021191;-43.14316144662
134.18286962792;-43.25921820128;5332090748528531072; 2.64447592775732517e+02; 1.401775713481796970e+00; 1.07890550780397443e+00; 0.056419702742518896;-5.419733963758014639e+00; 0.102869425282580765; 5.267473105435063196e+00; 0.096113043239388213;                        ;                     ;  0.14236370000;  0.05065792000; -0.34207147000; -0.06104736000;  0.36597900000; -0.03670324800; -0.22294219000; 5.859895000e-03;-1.200342100e-01; 1.899732600e-01; 266;16.7444110; 1.930755600e+00; 0.90000;BH_56            ; 7130.80000000;Simbad;134.18290166998;-43.25924088067
134.23003476642;-43.21949198719;5332091087828770816; 2.64439704409358626e+02; 1.453704266628944808e+00; 1.02980461731749640e+00; 0.056800656956840230;-5.535806956527356881e+00; 0.099270124864510007; 5.443212136246689425e+00; 0.092112798442158750;                        ;                     ;  0.17481038000;  0.10111442000; -0.41148883000; -0.06930736000;  0.40999390000; -0.03367448600; -0.31410947000; 3.424276800e-02;-8.984581400e-02; 1.639380300e-01; 274;16.7056500; 2.190302000e+00; 0.80000;BH_56            ; 5356.62450000;Simbad;134.23006747339;-43.21951542324
134.20079403779;-43.22309464416;5332091263924589184; 2.64428597327374575e+02; 1.435164396055093050e+00; 1.23536978392256258e+00; 0.093774060054825595;-5.227477888745701406e+00; 0.174507553291683465; 5.287987173152327358e+00; 0.158626383293750839;                        ;                     ;  0.20373489000;  0.12864023000; -0.44038054000; -0.10936028500;  0.37698737000; -0.09328751000; -0.37892792000;-2.596801000e-02;-1.095916900e-01; 1.964636600e-01; 283;17.6282830; 2.363615000e+00; 0.80000;BH_56            ; 3947.99220000;Simbad;134.20082492489;-43.22311741187
134.22896684174;-43.18058917123;5332091470082997248; 2.64409617094532223e+02; 1.478389913736548378e+00; 9.39663236609194041e-01; 0.123388543923037067;-5.701534036424626528e+00; 0.233250185448280994; 5.542375246235680564e+00; 0.208541611011120120;                        ;                     ;  0.18189484000;  0.08847343000; -0.49620032000; -0.10983293500;  0.34097904000; -0.07268762600; -0.44187158000; 4.250157600e-02;-1.113207340e-01; 1.832152900e-01; 263;17.9871560; 2.721340200e+00; 0.90000;BH_56            ; 3446.88500000;Simbad;134.22900050640;-43.18061303423
134.22360989288;-43.18413554780;5332091470082999936; 2.64409775064054884e+02; 1.473116389061326359e+00; 1.18827901066997921e+00; 0.102248283650989341;-5.564505327479725594e+00; 0.189167907683230191; 5.432325394794675688e+00; 0.166645885834409091;                        ;                     ;  0.21790677000;  0.11151986000; -0.42418430000; -0.12323297000;  0.41212356000; -0.09960037500; -0.31819725000;-2.198179000e-02;-1.549231900e-01; 2.238339500e-01; 293;17.7411770; 2.618114500e+00; 0.90000;BH_56            ; 4313.37800000;Simbad;134.22364275035;-43.18415893697
134.14531672375;-43.22496497904;5332091637584575488; 2.64403766457530082e+02; 1.403203352203278076e+00; 1.19091809006070259e+00; 0.120717284293147264;-5.446142208589945355e+00; 0.242893106695977246; 5.399763067085215695e+00; 0.223596375347852289;                        ;                     ;  0.28855896000;  0.02990392600; -0.55611660000; -0.20652140000;  0.27957570000; -0.18609145000; -0.40486440000; 4.457329000e-02;-7.388867000e-02; 2.764337400e-01; 262;17.9600050; 2.585100200e+00; 0.80000;BH_56            ; 3882.42300000;Simbad;134.14534890384;-43.22498822801
134.16016766842;-43.20216473086;5332091779320669952; 2.64393443135616678e+02; 1.426235779444872787e+00; 9.29557029022704429e-01; 0.037307249803855955;-5.979338837008238094e+00; 0.062718191837937656; 5.403933071942724986e+00; 0.058954563893287598;                        ;                     ;  0.16905658000; -0.01207082200; -0.42141852000; -0.07494815400;  0.36026790000; -0.01431993500; -0.27267050000; 1.618410300e-01;-1.787356800e-02; 1.501441600e-01; 276; 9.1821400; 2.266635900e-01; 0.70000;BH_56            ; 9642.81700000;Simbad;134.16020298585;-43.20218799779
134.18235760524;-43.11768324343;5332092603954356096; 2.64339676569581400e+02; 1.493393456862386781e+00; 1.12432466033773015e+00; 0.017196082173422132;-5.450177640646067800e+00; 0.027860956093018838; 5.421414493895341025e+00; 0.027821742904238826;                        ;                     ;  0.13939884000; -0.01612916800; -0.28380007000; -0.02856285100;  0.35503670000;  0.04347398000; -0.24784581000; 1.939409400e-01;-1.518630800e-02; 1.194371660e-01; 310;13.9200490; 1.252788500e+00; 1.00000;BH_56            ;              ;Simbad;134.18238975266;-43.11770658563
134.29690229741;-43.12164807928;5332093462947788544; 2.64397042321897743e+02; 1.554366725934399174e+00; 1.04497541238747371e+00; 0.021930838087231723;-5.486111255744283710e+00; 0.035788045604549783; 5.241838967099345936e+00; 0.037508306155718880;                        ;                     ;  0.11382133000;  0.00187631000; -0.36997210000; -0.04830909000;  0.35469544000;  0.03256084800; -0.41034612000; 2.109547100e-01;-1.436054400e-01; 1.727796200e-01; 277;14.5012080; 1.374559400e+00; 1.00000;BH_56            ; 5206.87500000;Simbad;134.29693465887;-43.12167064831
134.30600140386;-43.08957600730;5332093561730686208; 2.64376993784675051e+02; 1.580272458191896767e+00; 1.16132056754979751e+00; 0.148216949024837730;-5.568686905230495476e+00; 0.240735181616426708; 5.930670858112778276e+00; 0.239718463256840875;                        ;                     ; -0.00230106920; -0.12105194000; -0.37117502000;  0.05313584600;  0.36986065000;  0.17968488000; -0.44558093000; 3.844208000e-01;-1.034157900e-01; 8.091390000e-02; 253;17.9731200; 2.834802600e+00; 0.80000;BH_56            ; 3497.92460000;Simbad;134.30603423522;-43.08960154213
134.20883401965;-43.12581286058;5332094012703623296; 2.64358415206653547e+02; 1.502809290761251138e+00; 1.15378840374014024e+00; 0.059745568570733917;-5.681338830486343028e+00; 0.102843009875856914; 5.586345926075805934e+00; 0.094960717459686095;                        ;                     ;  0.15145043000; -0.06287379600; -0.37770602000; -0.05378772000;  0.26403823000;  0.03362451500; -0.33376643000; 2.943487500e-01;-3.709177000e-02; 1.808279000e-01; 271;16.8032000; 2.144615200e+00; 1.00000;BH_56            ; 4988.17300000;Simbad;134.20886753501;-43.12583691290
134.46096534987;-43.18301521594;5332094871697043200; 2.64521598806177963e+02; 1.605250304130324102e+00; 1.10165975922422987e+00; 0.031036439470180300;-5.460486167803725088e+00; 0.051639162849139109; 5.352829638397631484e+00; 0.043307842678977505;                        ;                     ;  0.07403689000; -0.26494965000; -0.55129840000; -0.07089626000;  0.32230130000;  0.05378216500; -0.34450993000; 3.638886000e-01;-2.783241500e-02; 1.682212400e-01; 264;12.4964430; 8.454799700e-01; 1.00000;BH_56            ; 6339.15200000;Simbad;134.46099759253;-43.18303826284
134.44155554459;-43.18076149131;5332094906056785152; 2.64510660169724872e+02; 1.595985540037764938e+00; 1.07033166967389448e+00; 0.109131640466906765;-5.747269474603633910e+00; 0.177479834416439719; 5.349729813043582638e+00; 0.167921468613315084;                        ;                     ;  0.03108255200; -0.01527689700; -0.34071594000;  0.08701101000;  0.37665296000;  0.21597855000; -0.21943340000; 2.776563000e-01;-1.775076800e-01; 9.053495500e-02; 278;17.6784610; 2.549306900e+00; 0.80000;BH_56            ; 3763.43040000;Simbad;134.44158947938;-43.18078452486
134.45505115396;-43.16784907639;5332094940416518272; 2.64507280629487298e+02; 1.611865824328564178e+00; 1.22237731723969589e+00; 0.100130571376127728;-5.147405015342295442e+00; 0.165838648971432662; 5.140770260414078585e+00; 0.154958873723400781;                        ;                     ; -0.02245516900; -0.12544309000; -0.40484938000;  0.07405670000;  0.35756654000;  0.16625139000; -0.22497830000; 2.319029100e-01;-2.042451200e-01; 9.318675000e-02; 284;17.5585730; 2.540437700e+00; 0.80000;BH_56            ; 3857.72970000;Simbad;134.45508154043;-43.16787121026
134.44369381157;-43.16763577372;5332095112215211904; 2.64501717631585905e+02; 1.605722561065720644e+00; 9.78551143680921776e-01; 0.087709385190420999;-5.687738204970123057e+00; 0.146096073692301237; 5.764703618145839314e+00; 0.136641624335567091;                        ;                     ; -0.03215168000; -0.14180931000; -0.32986350000;  0.09472299000;  0.33494350000;  0.16379337000; -0.20600860000; 1.899137200e-01;-2.067415900e-01; 1.092064000e-01; 270;17.3964670; 2.441444400e+00; 0.70000;BH_56            ; 3406.82400000;Simbad;134.44372738764;-43.16766059397
134.44391573117;-43.14448761103;5332095215294867712; 2.64484259377414048e+02; 1.620931591310825759e+00; 1.06277481714263122e+00; 0.020466916762114984;-5.573262811695649965e+00; 0.032878062809933793; 5.304074256119906572e+00; 0.033162555865404723;                        ;                     ;  0.10367724000; -0.07496403000; -0.35908684000; -0.05201574000;  0.42074660000;  0.01905046800; -0.32488754000; 1.534611900e-01;-2.237432000e-01; 2.305789300e-01; 257;13.9764680; 1.344769500e+00; 0.90000;BH_56            ;              ;Simbad;134.44394861901;-43.14451044802
134.46007300785;-43.11520518848;5332095348437066880; 2.64469731517575269e+02; 1.648960453460955877e+00; 1.06033267320622815e+00; 0.108767661853747297;-5.725256654093817232e+00; 0.170262456054639966; 5.474936652352905497e+00; 0.166763608242540551;                        ;                     ;  0.14776075000;  0.07747064000; -0.27430215000; -0.06452266000;  0.29188317000;  0.03148343400; -0.28934750000; 2.127615200e-01;-2.296145300e-01; 1.815289100e-01; 254;17.6638950; 2.989793800e+00; 0.80000;BH_56            ;              ;Simbad;134.46010677643;-43.11522876111
134.39734068801;-43.08077767952;5332096417885260928; 2.64413746209551391e+02; 1.636644231560812512e+00; 1.13162511076686445e+00; 0.033472284754986419;-5.813313318026502863e+00; 0.047063757562764472; 5.360952708885010409e+00; 0.048332506731772897;                        ;                     ;  0.09687083000; -0.03286909000; -0.18144824000; -0.02433420200;  0.44699118000;  0.14543007000; -0.24805647000; 3.801541000e-01;-1.752544800e-01; 1.150957640e-01; 247;11.8807125; 2.447414400e-01; 1.00000;BH_56            ; 8458.55300000;Simbad;134.39737495669;-43.08080076139
134.47909228537;-43.04807260807;5332096727122882304; 2.64427865379093078e+02; 1.703260345292796352e+00; 1.15876398365324129e+00; 0.092211015180488631;-5.399159161371908766e+00; 0.148404189060239000; 5.388528515498129501e+00; 0.149009524289992701;                        ;                     ;  0.13024884000;  0.05580778000; -0.22171478000; -0.03627165000;  0.34934142000;  0.04534922500; -0.38513234000; 2.164737900e-01;-1.635268800e-01; 1.824796300e-01; 246;17.3637600; 2.233501400e+00; 1.00000;BH_56            ; 4822.45100000;Simbad;134.47912409570;-43.04809580868
134.45591984363;-43.05295004718;5332096898921579136; 2.64420521640707364e+02; 1.687240258593609488e+00; 1.08342873359948255e+00; 0.038675237266989612;-5.468099072036388009e+00; 0.065485710980744988; 5.387316612836224650e+00; 0.057369895101896884;                        ;                     ;  0.13488466000;  0.00077882624; -0.07618669000;  0.01720662400;  0.36582553000;  0.08288043000; -0.28328530000; 1.941396000e-01;-2.355934800e-01; 2.289228700e-01; 234;15.6392560; 1.622366900e+00; 1.00000;BH_56            ; 5789.65870000;Simbad;134.45595206269;-43.05297324257
134.37498217673;-43.08371109139;5332099269743549696; 2.64405335368399903e+02; 1.622340693310836413e+00; 1.04644641386373638e+00; 0.022697553127635099;-5.453532401462204859e+00; 0.033323395222648496; 5.433624436124162571e+00; 0.035747099798710699;                        ;                     ;  0.08290921000;  0.00933014000; -0.29462770000; -0.02399209900;  0.39167240000;  0.09982110600; -0.36517840000; 3.022994000e-01;-1.592099200e-01; 1.162893850e-01; 242;13.8186620; 8.500147000e-01; 0.80000;BH_56            ; 6079.42770000;Simbad;134.37501432609;-43.08373448616
134.40927032025;-43.04385605250;5332099785139609856; 2.64391397723884950e+02; 1.667305839377369203e+00; 1.02317291394980758e+00; 0.085283078962177197;-5.472161259451608473e+00; 0.138954407524446849; 5.423929606003865977e+00; 0.130199839065463535;                        ;                     ;  0.10930672000;  0.01629179300; -0.10547218000; -0.02693252300;  0.43995053000;  0.05155563700; -0.19116837000; 1.641254600e-01;-1.985295000e-01; 1.736670600e-01; 225;17.0766890; 2.454943700e+00; 1.00000;BH_56            ;              ;Simbad;134.40930255846;-43.04387940552
134.34319623790;-43.03015880499;5332100369255172736; 2.64349540885000920e+02; 1.639567273492839261e+00; 1.00070059187162341e+00; 0.027326683908719018;-5.672428976618183682e+00; 0.040888912976200037; 5.781653417042784682e+00; 0.035653243624169641;                        ;                     ;  0.10343791000; -0.07155157600; -0.10943785000;  0.05017820000;  0.50099320000;  0.20306946000; -0.25406402000; 3.444534000e-01;-1.492526700e-01; 1.507391300e-01; 227;14.3150710; 1.185810100e+00; 0.70000;BH_56            ; 5594.58200000;Simbad;134.34322964850;-43.03018369822
134.36712039033;-42.96647768009;5332100987730443520; 2.64312567240965961e+02; 1.694298932237291222e+00; 1.11035533377399886e+00; 0.030083676345031292;-5.299752637252315601e+00; 0.048241696911103971; 5.502522145362355843e+00; 0.047372346312128284;                        ;                     ;  0.09254048000; -0.08322552000; -0.16221386000;  0.06642276000;  0.37391450000;  0.13332610000; -0.20458877000; 2.001300900e-01;-1.756812600e-01; 1.871295700e-01; 252;15.2056330; 1.643175100e+00; 1.00000;BH_56            ; 5787.66400000;Simbad;134.36715157353;-42.96650137150
134.43463929430;-42.96943127751;5332101709284939392; 2.64347000765145083e+02; 1.729866642868379767e+00; 1.09639769315247837e+00; 0.035982339179487260;-5.469952294934658177e+00; 0.057518471485933746; 5.473953617323801701e+00; 0.052437427948616187;                        ;                     ;  0.00051478884; -0.10374949000; -0.25758845000;  0.11268658000;  0.44322184000;  0.19816975000; -0.23644094000; 2.017942400e-01;-2.159888900e-01; 1.326702100e-01; 239;15.4416020; 1.571848900e+00; 1.00000;BH_56            ; 6008.00600000;Simbad;134.43467148049;-42.96945484591
134.11872838270;-43.11137574369;5332104453767353728; 2.64304720864385104e+02; 1.462149718722560054e+00; 9.20037384257832436e-01; 0.100883350129716248;-5.441001249867685630e+00; 0.163467474647250366; 5.741032302995483505e+00; 0.150024565769540486;                        ;                     ;  0.09522264500; -0.04977981000; -0.19994512000;  0.01168353400;  0.43868035000;  0.08258115500; -0.29769906000; 1.678052000e-01;-7.813739000e-02; 1.292328400e-01; 283;17.6250080; 2.199842500e+00; 0.80000;BH_56            ; 5770.22600000;Simbad;134.11876047269;-43.11140046202
134.21199783979;-43.06972577536;5332105969892560768; 2.64317257423740671e+02; 1.540997377312197658e+00; 9.65050442359895566e-01; 0.050852772505970166;-5.709718600400371713e+00; 0.088236630284367679; 5.272056832829282058e+00; 0.077323810890999378;                        ;                     ;  0.30668590000;  0.05528804700; -0.15417682000; -0.07225221000;  0.47052646000;  0.06779867400; -0.34813620000; 2.642958500e-01;-1.889883900e-01; 3.148287500e-01; 232;11.2722850; 6.942558000e-02; 0.80000;BH_56            ;              ;Simbad;134.21203149173;-43.06974847449
134.23795721361;-43.03857825770;5332106382209408128; 2.64305898116395554e+02; 1.575653438720921340e+00; 1.03345459475591217e+00; 0.031590641120931344;-5.614846021664714470e+00; 0.051667552655972032; 5.454742819803859888e+00; 0.045215472570917473;                        ;                     ;  0.10682596000;  0.02447869400; -0.06163041000;  0.08338012500;  0.45547628000;  0.22052458000; -0.34424170000; 3.316891200e-01;-7.854930000e-02; 1.325451400e-01; 261;12.8069460; 5.218534500e-01; 0.80000;BH_56            ; 6506.77150000;Simbad;134.23799028958;-43.03860174339
134.22348589449;-43.01971037803;5332106691447475968; 2.64284674075141822e+02; 1.579870770271871949e+00; 1.08496765520024763e+00; 0.024351096107990040;-5.787186468284225782e+00; 0.042806273562664456; 5.345691356664461935e+00; 0.039186964912600132;                        ;                     ;  0.12662949000;  0.00021885484; -0.18971463000; -0.01809860800;  0.42582402000;  0.02597752200; -0.44394840000; 1.331235900e-01;-2.082562000e-01; 2.294348900e-01; 252;14.6131935; 1.277962700e+00; 1.00000;BH_56            ; 5534.25300000;Simbad;134.22351997521;-43.01973339420
134.20431825418;-43.01320337809;5332106725806793216; 2.64270618072788352e+02; 1.573442118026736392e+00; 1.10956554925626905e+00; 0.024570841276847843;-5.531228218749156156e+00; 0.041662910370387697; 5.458878790835692385e+00; 0.037381335453245575;                        ;                     ;  0.03076168900; -0.10048072000; -0.11872843000;  0.05009721600;  0.39584103000;  0.12373048000; -0.32856533000; 2.130437600e-01;-7.358875000e-02; 9.888017000e-02; 255;14.6592040; 1.235714900e+00; 0.90000;BH_56            ; 5718.62700000;Simbad;134.20435082411;-43.01322688159
134.17956669382;-42.95480516503;5332107790958674816; 2.64214427724091195e+02; 1.597593130551559160e+00; 1.11372702310336713e+00; 0.041969873383097919;-5.666462133432024650e+00; 0.070977834375893584; 5.333223596099839980e+00; 0.069025736272514099;                        ;                     ;  0.00254724340; -0.11666053500; -0.14753775000;  0.09882774000;  0.30392224000;  0.11217487000; -0.33759528000; 1.712818100e-01;-2.208518200e-01; 1.190757000e-01; 253;16.1249710; 1.812345500e+00; 1.00000;BH_56            ; 5556.45850000;Simbad;134.17960002837;-42.95482812752
134.05220915469;-43.03244448832;5332108649952185856; 2.64213093158804725e+02; 1.476334840010793847e+00; 1.10279665932702819e+00; 0.045071781250998671;-5.591764145650041762e+00; 0.079775361520239244; 5.373593597287070089e+00; 0.080627343009603974;                        ;                     ;  0.13969548000; -0.06168675000; -0.07840868000; -0.03639122500;  0.26578510000;  0.02397135600; -0.24140954000; 1.045247600e-01; 8.126411000e-02; 4.003244000e-02; 246;16.1555180; 1.759369900e+00; 1.00000;BH_56            ; 5471.30660000;Simbad;134.05224209140;-43.03246762462
134.09384244374;-42.83110674560;5332112356507379456; 2.64079498417330342e+02; 1.630060670499309028e+00; 1.07895454633580901e+00; 0.017357038556037371;-5.733795116311170226e+00; 0.030460228898806053; 5.838572715094008103e+00; 0.027906814429324241;                        ;                     ; -0.06354095000; -0.15966502000; -0.29995480000;  0.09490275000;  0.29014787000;  0.09694157500; -0.39113632000; 8.309574000e-02;-1.535714700e-01; 1.040806800e-01; 276;13.8662720; 1.007853500e+00; 1.00000;BH_56            ; 6030.56200000;Simbad;134.09387610682;-42.83113188390
134.25032915218;-42.94105904489;5332113563394704512; 2.64237630126091688e+02; 1.645903418120666428e+00; 1.11958813226296217e+00; 0.041518375485257109;-5.490176942284959338e+00; 0.072789676664324732; 5.572881286598063255e+00; 0.066836472168991787;                        ;                     ;  0.01012534200; -0.09494778000; -0.21701431000;  0.09711106000;  0.27976760000;  0.10712180000; -0.36847360000; 9.644067000e-02;-1.645174300e-01; 1.277931600e-01; 272;16.1946280; 1.975394200e+00; 0.90000;BH_56            ; 5495.82860000;Simbad;134.25036144248;-42.94108303924
134.37888063370;-42.89463431821;5332114628546561792; 2.64263616421208212e+02; 1.747605496611763565e+00; 1.02316101043567231e+00; 0.031843588098328317;-5.697885293297933806e+00; 0.056027675175028539; 5.595999346821878717e+00; 0.050941795290813226;                        ;                     ;  0.15057623000;  0.00916628700; -0.31193400000; -0.03245736300;  0.27441368000; -0.00145910850; -0.22285170000; 4.306129000e-02;-1.565950800e-01; 2.071385200e-01; 246;11.1477180; 2.455864000e-01; 0.70000;BH_56            ; 8253.68200000;Simbad;134.37891412039;-42.89465841210
134.19034131276;-42.87454689558;5332116926355876096; 2.64158487399357227e+02; 1.655703882228326762e+00; 1.19813835930630308e+00; 0.080898199241312058;-5.483187780819592128e+00; 0.141525426863456677; 5.542983947568008496e+00; 0.130245169844378200;                        ;                     ; -0.00513533130; -0.04282639000; -0.08114372000;  0.15401714000;  0.26936805000;  0.17801541000; -0.28122208000; 1.157091400e-01;-1.310739000e-01; 7.904611500e-02; 294;17.6164130; 2.452022600e+00; 0.80000;BH_56            ;              ;Simbad;134.19037352718;-42.87457076120
134.21557973608;-42.86396281308;5332116965008732928; 2.64162453276197084e+02; 1.676643398801158202e+00; 1.10505720167110200e+00; 0.018223663294794641;-5.619557235064369216e+00; 0.030561379729195693; 5.495095659716747960e+00; 0.029112054371918203;                        ;                     ; -0.08171218000; -0.17594464000; -0.14912802000;  0.11691320000;  0.25370002000;  0.12499864400; -0.20540870000; 4.500310000e-02;-6.913469000e-02;-1.962101600e-02; 289;14.0638100; 9.668007000e-01; 0.90000;BH_56            ; 5999.83200000;Simbad;134.21561274602;-42.86398647252
134.17105496498;-42.86380588151;5332117102447688832; 2.64141133751698760e+02; 1.651925886337235916e+00; 1.06622777793560353e+00; 0.021727191665728802;-5.559543709708713699e+00; 0.037140669486263593; 5.459227494154715643e+00; 0.037806831838256595;                        ;                     ; -0.12633258000; -0.11021403000; -0.18853872000;  0.21834184000;  0.23412201000;  0.24211107000; -0.31320807000; 1.042968800e-01;-1.182885200e-01;-9.148012000e-03; 275;14.8252720; 1.111791600e+00; 0.80000;BH_56            ; 5777.69800000;Simbad;134.17108762231;-42.86382938651
134.13313052644;-42.83570339045;5332117995800887040; 2.64101692807254778e+02; 1.649008778200226732e+00; 1.06016653171869235e+00; 0.044955468029290936;-5.661437741309331528e+00; 0.077811060039249882; 5.498915477207137137e+00; 0.072906388156974838;                        ;                     ; -0.05948651600; -0.07230056000; -0.13095607000;  0.17150429000;  0.25713080000;  0.20373484000; -0.29464754000; 1.307521300e-01;-1.061751200e-01; 4.444016000e-02; 290;16.4945050; 1.855643300e+00; 1.00000;BH_56            ; 5275.68650000;Simbad;134.13316376718;-42.83572706633
134.34079794561;-42.68998336875;5332120023025430016; 2.64089968373370652e+02; 1.859584132841721971e+00; 1.10337230019876809e+00; 0.037372735133161625;-5.683041601513218133e+00; 0.058220471223518186; 5.491670188323716673e+00; 0.068704840681989163;                        ;                     ;  0.00802308400; -0.05924742000; -0.26983318000;  0.03232326700;  0.07562717000;  0.04389754700; -0.37128708000; 2.432947900e-01;-1.745308200e-02; 7.205164000e-02; 266;15.5879140; 1.981430000e+00; 1.00000;BH_56            ; 5424.80660000;Simbad;134.34083123481;-42.69000701343
135.05285007192;-43.27285601278;5332122290770190208; 2.64871998047341208e+02; 1.872450618862434135e+00; 1.06988402256546555e+00; 0.023500297520220141;-5.697504475921498113e+00; 0.040879073432429767; 5.174416414879518200e+00; 0.045830644368805316;                        ;                     ; -0.00063133550;  0.00145100060; -0.24961711000;  0.06861145000;  0.19582641000;  0.05675123600; -0.46371380000;-4.578564300e-03; 7.062130400e-02; 7.811453000e-02; 225;14.4389020; 1.444828000e+00; 0.90000;BH_56            ;              ;Simbad;135.05288376374;-43.27287829151
134.96220688201;-43.34530226911;5332122320830299264; 2.64883289440246358e+02; 1.775128876444787673e+00; 1.06850628683303550e+00; 0.055588493632496842;-5.367904571167724903e+00; 0.097570292545518716; 5.604624922006619769e+00; 0.102408767662597516;                        ;                     ; -0.02437203600; -0.06828427000; -0.29187313000;  0.06624128000;  0.25772670000;  0.07401090000; -0.44980907000; 6.971214000e-02;-5.283082000e-03; 1.128457200e-01; 209;11.0289690; 1.304168700e-01; 0.80000;BH_56            ; 8432.42000000;Simbad;134.96223866262;-43.34532640013
134.96209530872;-43.34831047873;5332122320830299392; 2.64885506226734606e+02; 1.773092586656792147e+00; 1.06207988864483283e+00; 0.042885159786206765;-5.870626041231884251e+00; 0.078844697166297190; 5.311626953293195896e+00; 0.076221404498289611;                        ;                     ;  0.00935315700; -0.09371348500; -0.34660250000; -0.00453035200;  0.23272304000;  0.00837551900; -0.49330366000; 9.862763400e-02; 8.609187000e-03; 1.457752300e-01; 200;10.8750580; 1.355705300e-01; 0.80000;BH_56            ; 8497.16700000;Simbad;134.96213006741;-43.34833334823
134.89883563367;-43.20435439931;5332126894975080832; 2.64746591898230349e+02; 1.832812521058936106e+00; 1.12507506568207694e+00; 0.095861878076480653;-5.227487604937469889e+00; 0.154829784469577264; 5.143712814922107412e+00; 0.166207608412987567;                        ;                     ; -0.09956767400;  0.03105628100; -0.14076257000;  0.18967200000;  0.06205143000;  0.20507999000; -0.32822508000; 1.006975700e-01; 4.473253700e-02;-6.674749400e-02; 281;17.5601080; 2.801344000e+00; 0.80000;BH_56            ;              ;Simbad;134.89886651134;-43.20437654584
134.98207473079;-43.14373184706;5332128200645117952; 2.64740690735432054e+02; 1.918400732902036721e+00; 1.06812705020392751e+00; 0.028165726596660574;-5.580378452442815274e+00; 0.040676848157520713; 5.483819610763256414e+00; 0.050222652428209377;                        ;                     ;  0.02897680200; -0.04779317200; -0.17521253000;  0.04530395000;  0.00893999900;  0.05524668000; -0.46047387000; 3.022801600e-01; 1.025779550e-01; 6.157437700e-02; 267;10.7147400; 3.149948000e-01; 0.70000;BH_56            ; 7934.42600000;Simbad;134.98210766021;-43.14375545795
134.88513498653;-43.06994444839;5332141291705438848; 2.64638512647309653e+02; 1.913418629118045500e+00; 9.62012853949525293e-01; 0.065265245563192964;-5.556007531215719553e+00; 0.095924676486158961; 5.132705400787269667e+00; 0.110772918018865268;                        ;                     ;  0.07966833600; -0.15716484000; -0.30129927000;  0.03332240500; -0.06141035300;  0.05614032000; -0.37393060000; 3.226656300e-01; 2.010370800e-01; 6.231783000e-02; 263;16.8391570; 1.990110400e+00; 0.70000;BH_56            ; 5187.26200000;Simbad;134.88516773264;-43.06996654753
134.72533216345;-43.05630716118;5332143520788851072; 2.64551685633293914e+02; 1.834133145450774549e+00; 1.02035494695574092e+00; 0.046483462475361288;-5.744359143513877441e+00; 0.071529215173956176; 5.324689386196361340e+00; 0.076161865765229750;                        ;                     ; -0.02079024400;  0.00141458160; -0.18696445000;  0.07677297000;  0.04307070700;  0.09324321000; -0.13683483000; 3.167671300e-01;-1.103296300e-01; 1.472727200e-02; 261;12.9532740; 7.981958400e-01; 0.90000;BH_56            ; 6150.08060000;Simbad;134.72536601215;-43.05633008692
134.65477767128;-43.01654259869;5332144658959964800; 2.64487845592904421e+02; 1.821123636224085462e+00; 1.12744829082053410e+00; 0.096714465436422634;-5.669492423610512866e+00; 0.167806491525700319; 5.348288727117783914e+00; 0.166172890968532078;                        ;                     ;  0.22515187000;  0.12343447000; -0.22537863000; -0.10985922000;  0.19238755000; -0.07516494000; -0.26722327000; 3.116190800e-02;-2.200281300e-01; 2.858627400e-01; 244;17.6154020; 2.616975800e+00; 0.80000;BH_56            ;              ;Simbad;134.65481105718;-43.01656562604
134.76098886284;-42.95129173504;5332145036916919424; 2.64489313554322507e+02; 1.922575801271088514e+00; 9.82281906905308255e-01; 0.048094208724483972;-5.509403362272692561e+00; 0.086461568318492249; 5.129437712463531973e+00; 0.091126576631912537;                        ;                     ;  0.17948991000;  0.17627202000; -0.30850660000; -0.06524436000;  0.12595363000; -0.05853070000; -0.45969117000;-4.848312200e-02;-8.730357000e-02; 2.580190300e-01; 238;16.2699950; 2.197782500e+00; 0.70000;BH_56            ;11676.12300000;Simbad;134.76102127160;-42.95131382011
134.75134486222;-42.94067711339;5332145101337228544; 2.64476660838163980e+02; 1.924186407690286149e+00; 1.17150968526507859e+00; 0.110045932728588480;-5.343402164512334629e+00; 0.181027818176097061; 5.272320833136287632e+00; 0.213603501517879601;                        ;                     ;  0.14477122000;  0.04227316800; -0.25996625000; -0.00796565600;  0.00185476720; -0.00217226680; -0.28477710000; 2.175981400e-02;-7.859698000e-02; 1.767335400e-01; 229;17.7934570; 2.441549300e+00; 0.70000;BH_56            ; 3805.88570000;Simbad;134.75137628907;-42.94069981366
134.70728315213;-42.93550472423;5332145243075356416; 2.64451629770560999e+02; 1.903176377168709132e+00; 1.06711880268357895e+00; 0.039023606619803822;-5.340285523704880966e+00; 0.068560558587919276; 5.464752412285039718e+00; 0.070088069672712097;                        ;                     ;  0.17642576000;  0.10124094000; -0.27528770000; -0.03368305000;  0.16113554000;  0.00551145850; -0.22092450000;-5.600923300e-04;-2.109723500e-01; 2.527721500e-01; 246;15.8570260; 1.606872600e+00; 1.00000;BH_56            ; 5805.12100000;Simbad;134.70731455802;-42.93552825302
134.64537067429;-42.97387762654;5332191697441642112; 2.64451038556802530e+02; 1.843801088495323315e+00; 1.17837875225681854e+00; 0.122433700619953997;-5.513709390506974728e+00; 0.199010378319877779; 5.282202320328256206e+00; 0.219152693090516049;                        ;                     ;  0.12313640000;  0.10404936000; -0.25758025000; -0.05285291700;  0.17794405000;  0.00940834700; -0.18166095000; 4.073209000e-02;-3.077342000e-01; 2.257397000e-01; 224;17.8849580; 2.373167000e+00; 1.00000;BH_56            ; 4242.64800000;Simbad;134.64540312030;-42.97390036935
134.64431024436;-42.91968749196;5332192105459359360; 2.64409492120473715e+02; 1.878627625599740281e+00; 1.13691472903588142e+00; 0.093463491178874383;-5.342310021399780950e+00; 0.164931158184680848; 5.346266019004738190e+00; 0.146452938586420695;                        ;                     ;  0.30779950000;  0.12767355000; -0.18921351000; -0.07857052000;  0.33037102000; -0.06901681400; -0.29090208000;-8.927530000e-02;-2.175974400e-01; 3.415324400e-01; 210;17.0802150; 2.149074600e+00; 0.90000;BH_56            ; 4920.80300000;Simbad;134.64434165409;-42.91971051060
134.64684365041;-42.92447228178;5332192109758496512; 2.64414328770227257e+02; 1.876904900113119057e+00; 1.12526423029148170e+00; 0.060734682952558350;-5.276447287050660684e+00; 0.108436006217020098; 5.527528231433793238e+00; 0.097600260374586537;                        ;                     ;  0.22347640000;  0.28770873000; -0.13150162000; -0.10210334000;  0.23174989000; -0.02836541500; -0.32352410000; 7.252189000e-02;-2.212176200e-01; 2.512810000e-01; 246;16.2948530; 1.797063800e+00; 0.90000;BH_56            ; 5913.61600000;Simbad;134.64687467531;-42.92449608086
134.65390072982;-42.91035029529;5332192487715615104; 2.64407013879420617e+02; 1.890046075264707248e+00; 1.04380708859602889e+00; 0.050887340088223570;-5.571057614440859673e+00; 0.087341372482401203; 5.430110171201413927e+00; 0.081798300192996706;                        ;                     ;  0.31574568000;  0.24967411000; -0.23901805000; -0.09421213000;  0.33235980000; -0.04570460700; -0.32727470000;-5.319544000e-02;-2.001718400e-01; 3.033094700e-01; 236;16.1361850; 1.766815200e+00; 0.70000;BH_56            ; 5787.76000000;Simbad;134.65393347949;-42.91037367493
134.68676642233;-42.87066412989;5332192659514464256; 2.64392715675410443e+02; 1.934211562034158449e+00; 1.03667765845462578e+00; 0.029838126945574618;-5.650976624813541349e+00; 0.051226409919969414; 5.283095974770494863e+00; 0.051338103684958267;                        ;                     ;  0.12168150000;  0.07048184400; -0.32803267000; -0.01586849200;  0.31815475000;  0.02033150600; -0.36345145000;-3.333410000e-02;-3.237353600e-01; 2.610714400e-01; 226;14.8190330; 1.302154500e+00; 1.00000;BH_56            ; 5814.48440000;Simbad;134.68679962043;-42.87068687655
134.53972142748;-42.82828151774;5332196469146340352; 2.64290149696799233e+02; 1.880266484751443423e+00; 1.10431467059197530e+00; 0.022156274067005349;-5.814228662411694337e+00; 0.039632660944704183; 5.383183253174855132e+00; 0.037481135217859153;                        ;                     ;  0.07822759000; -0.01784028000; -0.21828914000;  0.05174733300;  0.14803728000;  0.05933301000; -0.32538682000; 4.441697000e-03;-9.538909000e-02; 1.287110000e-01; 281;14.6912240; 1.325717000e+00; 1.00000;BH_56            ; 5361.54500000;Simbad;134.53975556122;-42.82830469533
133.50091321858;-43.27487726663;5524229512132355840; 2.64138591905028704e+02; 1.012680669107379305e+00; 1.05428609849464205e+00; 0.034198297128959013;-5.689111398148464005e+00; 0.052878467914055011; 5.468735502700154072e+00; 0.059498188948898155;                        ;                     ;  0.00179450380;  0.01953047500; -0.21000507000;  0.11298016000;  0.14185335000;  0.15329622000; -0.36039335000; 3.086989000e-01; 4.865828500e-02;-7.075647600e-05; 290;15.7063220; 1.755918500e+00; 0.80000;BH_56            ; 5458.53120000;Simbad;133.50094686188;-43.27490081257
133.66361879781;-43.12036384387;5524238067707121024; 2.64096705740011203e+02; 1.202915652485500253e+00; 1.11653188184718299e+00; 0.080153762464966666;-5.442545605698604128e+00; 0.130057957546930558; 5.377790243884573052e+00; 0.144167902926162744;                        ;                     ; -0.17519890000; -0.12211170000; -0.28773275000;  0.23148753000;  0.28531542000;  0.26881424000; -0.30586645000; 1.405154000e-01;-6.703890000e-02;-1.308015900e-01; 294;17.2507920; 2.597694400e+00; 0.70000;BH_56            ;              ;Simbad;133.66365090162;-43.12038699824
133.84371448897;-42.95674189871;5524240747766573184; 2.64056646549413301e+02; 1.409058568500557662e+00; 1.10801500023685295e+00; 0.037522204928258876;-5.479983733298200654e+00; 0.064575245031566073; 5.366149960145863318e+00; 0.061149228405457015;                        ;                     ; -0.01486981100; -0.16095322000; -0.07377369000;  0.05789822000;  0.31062590000;  0.07420681400; -0.29340440000; 8.519236000e-02;-7.641508400e-02; 6.826073000e-02; 260;15.9262590; 1.713357000e+00; 1.00000;BH_56            ; 5894.27200000;Simbad;133.84374672753;-42.95676500296
133.81340196691;-42.94923423123;5524240919565273344; 2.64036577547626848e+02; 1.396972788903818152e+00; 1.07410892518946621e+00; 0.017983666720713581;-5.429273835886935906e+00; 0.029200639569842708; 5.628312972699657912e+00; 0.027886816197325092;                        ;                     ; -0.07825490000; -0.17915666000; -0.07239036000;  0.08767789600;  0.37029913000;  0.08401694000; -0.29660055000; 5.976626300e-02;-1.284075500e-01; 4.053937600e-02; 255;13.6004530; 9.413738000e-01; 0.90000;BH_56            ; 6707.55960000;Simbad;133.81343390325;-42.94925846424
133.49622853370;-43.01369168181;5524248513067603456; 2.63936319992919266e+02; 1.178000498891049963e+00; 1.12357259729874914e+00; 0.025562168746925788;-5.306928498580472997e+00; 0.043740805304581624; 5.615724888892230204e+00; 0.050542987759969890;                        ;                     ;  0.02487732300; -0.16848364000; -0.26836962000;  0.05031307400;  0.07179144000;  0.05623967200; -0.52006364000; 1.192400160e-01; 9.800268000e-03; 1.072701200e-01; 268;12.7429200; 6.097374000e-01; 0.90000;BH_56            ; 7158.53030000;Simbad;133.49625978312;-43.01371586062
134.00031934529;-42.91864615438;5524263803150949760; 2.64101769947464902e+02; 1.521134549867232844e+00; 1.06474022026497694e+00; 0.024879226995777805;-5.601385764388185251e+00; 0.042104740924626530; 5.567113376423383997e+00; 0.041825776080814586;                        ;                     ; -0.04454127000; -0.14596015000; -0.13046633000;  0.15176750000;  0.27022088000;  0.15896970000; -0.17212322000; 1.144217500e-01;-1.730759700e-01; 4.510937600e-02; 289;11.9601600; 3.715305300e-01; 0.80000;BH_56            ; 7334.10640000;Simbad;134.00035227767;-42.91867012389
133.99187206817;-42.81148696527;5524266517570245248; 2.64016068308809452e+02; 1.585803354658717357e+00; 1.12245628766947925e+00; 0.028757746860770733;-5.506873418698675415e+00; 0.049876807198186768; 5.519737786984821426e+00; 0.053383717684282378;  22.9573037552842365017;  5.44301289346378692; -0.05946761700; -0.20703640000; -0.35322756000;  0.06048338000;  0.23160166000;  0.06266627500; -0.33052057000; 6.001924700e-02;-7.119081000e-02; 5.930391700e-02; 226;12.6516040; 7.856512000e-01; 1.00000;BH_56            ; 6855.19200000;Simbad;133.99190438873;-42.81151073080
134.06853963947;-42.75505361959;5524272221286774912; 2.64009525434621253e+02; 1.665226840331843539e+00; 1.09741235049911623e+00; 0.019895731341317807;-5.647269592173650210e+00; 0.033066032535972574; 5.589245065747718400e+00; 0.030847565928871928;                        ;                     ;  0.01440861600; -0.03603287800; -0.43004015000;  0.02049709900;  0.23381323000;  0.08443879000; -0.34156300000; 2.152560400e-01;-1.181759460e-01; 9.313498400e-02; 266;14.1754100; 1.268271400e+00; 0.80000;BH_56            ; 5239.91100000;Simbad;134.06857275384;-42.75507768439

